# schema = nsb-moonlight-mie-phase-v1
# aerosol_schema = nsb-moonlight-aerosol-model-v1
# solver = Bohren-Huffman amplitude recurrences, in-tree implementation v1
# normalization = integral P(theta) dOmega = 4*pi; analytic coefficient normalization
# wavelength_grid_nm = 300..650 step 10
# scattering_angle_grid_deg = nonuniform: 0..0.25/0.0125;0.25..1/0.025;1..2/0.05;2..5/0.125;5..10/0.25;10..170/1;170..180/0.125
# radius_quadrature = composite Simpson in ln(radius), 1280 intervals over +/-8 sigma
# axes = wavelength_um then scattering_angle_deg; rows are wavelength-major
36 355
0.300000 0.310000 0.320000 0.330000 0.340000 0.350000 0.360000 0.370000 0.380000 0.390000 0.400000 0.410000 0.420000 0.430000 0.440000 0.450000 0.460000 0.470000 0.480000 0.490000 0.500000 0.510000 0.520000 0.530000 0.540000 0.550000 0.560000 0.570000 0.580000 0.590000 0.600000 0.610000 0.620000 0.630000 0.640000 0.650000
0.000000 0.012500 0.025000 0.037500 0.050000 0.062500 0.075000 0.087500 0.100000 0.112500 0.125000 0.137500 0.150000 0.162500 0.175000 0.187500 0.200000 0.212500 0.225000 0.237500 0.250000 0.275000 0.300000 0.325000 0.350000 0.375000 0.400000 0.425000 0.450000 0.475000 0.500000 0.525000 0.550000 0.575000 0.600000 0.625000 0.650000 0.675000 0.700000 0.725000 0.750000 0.775000 0.800000 0.825000 0.850000 0.875000 0.900000 0.925000 0.950000 0.975000 1.000000 1.050000 1.100000 1.150000 1.200000 1.250000 1.300000 1.350000 1.400000 1.450000 1.500000 1.550000 1.600000 1.650000 1.700000 1.750000 1.800000 1.850000 1.900000 1.950000 2.000000 2.125000 2.250000 2.375000 2.500000 2.625000 2.750000 2.875000 3.000000 3.125000 3.250000 3.375000 3.500000 3.625000 3.750000 3.875000 4.000000 4.125000 4.250000 4.375000 4.500000 4.625000 4.750000 4.875000 5.000000 5.250000 5.500000 5.750000 6.000000 6.250000 6.500000 6.750000 7.000000 7.250000 7.500000 7.750000 8.000000 8.250000 8.500000 8.750000 9.000000 9.250000 9.500000 9.750000 10.000000 11.000000 12.000000 13.000000 14.000000 15.000000 16.000000 17.000000 18.000000 19.000000 20.000000 21.000000 22.000000 23.000000 24.000000 25.000000 26.000000 27.000000 28.000000 29.000000 30.000000 31.000000 32.000000 33.000000 34.000000 35.000000 36.000000 37.000000 38.000000 39.000000 40.000000 41.000000 42.000000 43.000000 44.000000 45.000000 46.000000 47.000000 48.000000 49.000000 50.000000 51.000000 52.000000 53.000000 54.000000 55.000000 56.000000 57.000000 58.000000 59.000000 60.000000 61.000000 62.000000 63.000000 64.000000 65.000000 66.000000 67.000000 68.000000 69.000000 70.000000 71.000000 72.000000 73.000000 74.000000 75.000000 76.000000 77.000000 78.000000 79.000000 80.000000 81.000000 82.000000 83.000000 84.000000 85.000000 86.000000 87.000000 88.000000 89.000000 90.000000 91.000000 92.000000 93.000000 94.000000 95.000000 96.000000 97.000000 98.000000 99.000000 100.000000 101.000000 102.000000 103.000000 104.000000 105.000000 106.000000 107.000000 108.000000 109.000000 110.000000 111.000000 112.000000 113.000000 114.000000 115.000000 116.000000 117.000000 118.000000 119.000000 120.000000 121.000000 122.000000 123.000000 124.000000 125.000000 126.000000 127.000000 128.000000 129.000000 130.000000 131.000000 132.000000 133.000000 134.000000 135.000000 136.000000 137.000000 138.000000 139.000000 140.000000 141.000000 142.000000 143.000000 144.000000 145.000000 146.000000 147.000000 148.000000 149.000000 150.000000 151.000000 152.000000 153.000000 154.000000 155.000000 156.000000 157.000000 158.000000 159.000000 160.000000 161.000000 162.000000 163.000000 164.000000 165.000000 166.000000 167.000000 168.000000 169.000000 170.000000 170.125000 170.250000 170.375000 170.500000 170.625000 170.750000 170.875000 171.000000 171.125000 171.250000 171.375000 171.500000 171.625000 171.750000 171.875000 172.000000 172.125000 172.250000 172.375000 172.500000 172.625000 172.750000 172.875000 173.000000 173.125000 173.250000 173.375000 173.500000 173.625000 173.750000 173.875000 174.000000 174.125000 174.250000 174.375000 174.500000 174.625000 174.750000 174.875000 175.000000 175.125000 175.250000 175.375000 175.500000 175.625000 175.750000 175.875000 176.000000 176.125000 176.250000 176.375000 176.500000 176.625000 176.750000 176.875000 177.000000 177.125000 177.250000 177.375000 177.500000 177.625000 177.750000 177.875000 178.000000 178.125000 178.250000 178.375000 178.500000 178.625000 178.750000 178.875000 179.000000 179.125000 179.250000 179.375000 179.500000 179.625000 179.750000 179.875000 180.000000
1.546640017e2 1.535179787e2 1.505552094e2 1.464755257e2 1.417757721e2 1.367768740e2 1.316825895e2 1.266213463e2 1.216730780e2 1.168862375e2 1.122886821e2 1.078947250e2 1.037097541e2 9.973329759e1 9.596108907e1 9.238646945e1 8.900134368e1 8.579683428e1 8.276372180e1 7.989273773e1 7.717475802e1 7.216276091e1 6.766145197e1 6.361129504e1 5.995967201e1 5.666043024e1 5.367319846e1 5.096266787e1 4.849795275e1 4.625204995e1 4.420136584e1 4.232526772e1 4.060565980e1 3.902663606e1 3.757417747e1 3.623590640e1 3.500088616e1 3.385943148e1 3.280293609e1 3.182372256e1 3.091491454e1 3.007033318e1 2.928441817e1 2.855215817e1 2.786902790e1 2.723093791e1 2.663419030e1 2.607544306e1 2.555168413e1 2.506019728e1 2.459850935e1 2.375559871e1 2.300684218e1 2.233886062e1 2.174064925e1 2.120294728e1 2.071793854e1 2.027900178e1 1.988052043e1 1.951772448e1 1.918645419e1 1.888299486e1 1.860408095e1 1.834690976e1 1.810895224e1 1.788792965e1 1.768193722e1 1.748941279e1 1.730906728e1 1.713984197e1 1.698083336e1 1.662264135e1 1.631141148e1 1.603694752e1 1.579068196e1 1.556729782e1 1.536299299e1 1.517460815e1 1.499883809e1 1.483262694e1 1.467484026e1 1.452534623e1 1.438357261e1 1.424793337e1 1.411709846e1 1.399058557e1 1.386801511e1 1.374926476e1 1.363364182e1 1.352029318e1 1.340938335e1 1.330144857e1 1.319671737e1 1.309427935e1 1.299355299e1 1.279796250e1 1.261039441e1 1.242824182e1 1.225343918e1 1.208429730e1 1.192012147e1 1.176121484e1 1.160636958e1 1.145735658e1 1.131217371e1 1.117080691e1 1.103272314e1 1.089827435e1 1.076817304e1 1.064055665e1 1.051608588e1 1.039350701e1 1.027392798e1 1.015721014e1 1.004232168e1 9.602981961e0 9.191636870e0 8.801739308e0 8.429576627e0 8.073221745e0 7.728989957e0 7.396462494e0 7.074224855e0 6.761812645e0 6.460091758e0 6.167486291e0 5.884068171e0 5.610424838e0 5.346160068e0 5.091779219e0 4.846637392e0 4.611018656e0 4.384520792e0 4.167475300e0 3.960042509e0 3.761163552e0 3.571315223e0 3.389716982e0 3.217085031e0 3.052512804e0 2.895501680e0 2.746458861e0 2.604716921e0 2.470256048e0 2.342192550e0 2.221249670e0 2.106356259e0 1.997363723e0 1.894451665e0 1.797058961e0 1.704512777e0 1.617403663e0 1.534903214e0 1.456815646e0 1.383036129e0 1.313123046e0 1.247342661e0 1.185080516e0 1.126267396e0 1.070788311e0 1.018228190e0 9.687822607e-1 9.220498587e-1 8.779264889e-1 8.362058099e-1 7.967672937e-1 7.594539287e-1 7.242233036e-1 6.909986004e-1 6.594981242e-1 6.299621597e-1 6.018756296e-1 5.755488918e-1 5.504824657e-1 5.268636079e-1 5.045108094e-1 4.833655095e-1 4.632999991e-1 4.443857786e-1 4.264500481e-1 4.094958266e-1 3.934923106e-1 3.782994852e-1 3.639827315e-1 3.503860528e-1 3.375415446e-1 3.253595568e-1 3.138087882e-1 3.029353705e-1 2.925862366e-1 2.827722569e-1 2.735258174e-1 2.647656397e-1 2.564169796e-1 2.485786505e-1 2.411376869e-1 2.340183229e-1 2.272709119e-1 2.208614738e-1 2.148448444e-1 2.091555185e-1 2.037692751e-1 1.987194722e-1 1.939433980e-1 1.894131480e-1 1.851466974e-1 1.811167686e-1 1.773252573e-1 1.737697567e-1 1.704078060e-1 1.672974254e-1 1.644014140e-1 1.616852790e-1 1.591594705e-1 1.567888405e-1 1.546127373e-1 1.525764392e-1 1.507030728e-1 1.489822022e-1 1.473889312e-1 1.459818456e-1 1.447289694e-1 1.436172191e-1 1.426570111e-1 1.417953645e-1 1.410802470e-1 1.404876505e-1 1.400250881e-1 1.396921393e-1 1.394824356e-1 1.393943811e-1 1.394571679e-1 1.396143295e-1 1.398708226e-1 1.402325738e-1 1.407172424e-1 1.413125867e-1 1.420175295e-1 1.428476529e-1 1.437807234e-1 1.448298527e-1 1.459879107e-1 1.472719893e-1 1.486509647e-1 1.501049479e-1 1.516467110e-1 1.532999862e-1 1.550657119e-1 1.569787388e-1 1.589479143e-1 1.610590958e-1 1.633202359e-1 1.656874863e-1 1.682083696e-1 1.708310583e-1 1.736008236e-1 1.765109571e-1 1.796453562e-1 1.830176898e-1 1.867054623e-1 1.908946301e-1 1.956527257e-1 2.007462197e-1 2.052932627e-1 2.087774332e-1 2.115135604e-1 2.142382367e-1 2.170036121e-1 2.196243831e-1 2.223917327e-1 2.254691933e-1 2.285100866e-1 2.320282118e-1 2.358217806e-1 2.402960214e-1 2.408982328e-1 2.415054571e-1 2.421148828e-1 2.427290966e-1 2.433432354e-1 2.439699121e-1 2.446277163e-1 2.452969581e-1 2.459734935e-1 2.466473032e-1 2.473154761e-1 2.480004194e-1 2.486994351e-1 2.493968565e-1 2.500898533e-1 2.507848967e-1 2.514869376e-1 2.522024551e-1 2.529440426e-1 2.537101168e-1 2.544856626e-1 2.552696457e-1 2.560582727e-1 2.568458795e-1 2.576470529e-1 2.584577509e-1 2.592623896e-1 2.600724002e-1 2.608985222e-1 2.617467701e-1 2.626171884e-1 2.635050579e-1 2.644087073e-1 2.653196698e-1 2.662453223e-1 2.671738997e-1 2.681177601e-1 2.690765867e-1 2.700609273e-1 2.710696599e-1 2.720978180e-1 2.731181491e-1 2.741544644e-1 2.752249278e-1 2.763128934e-1 2.774099008e-1 2.785168835e-1 2.796450305e-1 2.807883061e-1 2.819272129e-1 2.830626275e-1 2.842253657e-1 2.854154675e-1 2.866002392e-1 2.877615470e-1 2.889051380e-1 2.900592593e-1 2.912445038e-1 2.924864386e-1 2.937446594e-1 2.949794294e-1 2.961986075e-1 2.974145516e-1 2.986306646e-1 2.998354531e-1 3.010359223e-1 3.022259070e-1 3.033256559e-1 3.043392149e-1 3.052591970e-1 3.060418663e-1 3.066638294e-1 3.070559065e-1 3.070196100e-1 3.064005611e-1 3.051176882e-1 3.031535078e-1 3.005062435e-1 2.977798792e-1 2.969635001e-1
1.506498010e2 1.496013114e2 1.468732849e2 1.430913744e2 1.387085752e2 1.340224732e2 1.292250316e2 1.244392461e2 1.197431165e2 1.151850675e2 1.107939292e2 1.065854726e2 1.025667460e2 9.873897982e1 9.509956122e1 9.164339155e1 8.836382287e1 8.525330163e1 8.230380960e1 7.950716442e1 7.685522418e1 7.195386944e1 6.753953345e1 6.355749904e1 5.995890467e1 5.670049891e1 5.374418831e1 5.105653294e1 4.860821991e1 4.637354126e1 4.432993522e1 4.245758100e1 4.073902396e1 3.915885415e1 3.770345189e1 3.636076251e1 3.512010354e1 3.397198416e1 3.290794460e1 3.192042958e1 3.100268575e1 3.014866755e1 2.935294848e1 2.861062786e1 2.791726555e1 2.726883922e1 2.666169911e1 2.609253741e1 2.555836276e1 2.505647011e1 2.458439946e1 2.372092636e1 2.295216518e1 2.226491237e1 2.164816070e1 2.109273547e1 2.059100388e1 2.013655768e1 1.972392391e1 1.934834628e1 1.900563464e1 1.869205194e1 1.840429057e1 1.813941575e1 1.789474801e1 1.766793718e1 1.745703930e1 1.726040583e1 1.707660753e1 1.690441383e1 1.674273635e1 1.637840489e1 1.606120116e1 1.578107287e1 1.552956271e1 1.530160784e1 1.509435017e1 1.490478433e1 1.472926146e1 1.456449373e1 1.440889800e1 1.426139703e1 1.412108740e1 1.398657557e1 1.385650158e1 1.373069715e1 1.360946209e1 1.349279005e1 1.337965729e1 1.326927426e1 1.316147119e1 1.305625988e1 1.295372235e1 1.285316893e1 1.275399025e1 1.256160201e1 1.237844748e1 1.220158633e1 1.203078349e1 1.186479983e1 1.170419920e1 1.154940316e1 1.139871939e1 1.125263053e1 1.110977524e1 1.097140599e1 1.083700600e1 1.070599891e1 1.057822311e1 1.045269789e1 1.033122498e1 1.021215961e1 1.009547184e1 9.980853958e0 9.868182802e0 9.439424495e0 9.038961326e0 8.659117678e0 8.296805424e0 7.950531530e0 7.616318940e0 7.293812432e0 6.981514464e0 6.678546424e0 6.385339062e0 6.100813181e0 5.825440368e0 5.560024277e0 5.303373663e0 5.055814339e0 4.817172390e0 4.587905465e0 4.367472966e0 4.155314713e0 3.951708944e0 3.756567068e0 3.570378912e0 3.391730095e0 3.221341744e0 3.058931970e0 2.904359308e0 2.757119228e0 2.616778856e0 2.483904448e0 2.357299707e0 2.237072364e0 2.123030299e0 2.014767213e0 1.912025432e0 1.814938796e0 1.722531413e0 1.635104470e0 1.552620933e0 1.474387997e0 1.400337028e0 1.330641009e0 1.264679701e0 1.202235030e0 1.143096319e0 1.087149910e0 1.034365534e0 9.842166117e-1 9.370807729e-1 8.924472404e-1 8.502156894e-1 8.103868656e-1 7.727304506e-1 7.371725099e-1 7.034480395e-1 6.717070663e-1 6.416612312e-1 6.131644380e-1 5.863387279e-1 5.609657265e-1 5.368225726e-1 5.141310203e-1 4.925673715e-1 4.721887276e-1 4.529663602e-1 4.347932615e-1 4.174844192e-1 4.011930821e-1 3.856879594e-1 3.709820255e-1 3.571867852e-1 3.440839341e-1 3.316377652e-1 3.198947393e-1 3.087717106e-1 2.981237123e-1 2.881321889e-1 2.787011326e-1 2.697313160e-1 2.612471123e-1 2.531916102e-1 2.455603342e-1 2.382690492e-1 2.313303070e-1 2.248031101e-1 2.186428110e-1 2.128208356e-1 2.073351361e-1 2.021427163e-1 1.972315851e-1 1.925735080e-1 1.881870011e-1 1.840854668e-1 1.802255296e-1 1.765929510e-1 1.731537855e-1 1.699522634e-1 1.669397385e-1 1.641343199e-1 1.615283775e-1 1.590733082e-1 1.568226561e-1 1.547303484e-1 1.527931995e-1 1.510193414e-1 1.493634538e-1 1.479126898e-1 1.466005878e-1 1.454294977e-1 1.444018654e-1 1.434824315e-1 1.427173733e-1 1.420766277e-1 1.415501244e-1 1.411433537e-1 1.408552921e-1 1.406912526e-1 1.406741604e-1 1.407592021e-1 1.409660559e-1 1.412889361e-1 1.417386435e-1 1.422799075e-1 1.429381600e-1 1.437045709e-1 1.445481690e-1 1.454846943e-1 1.465417848e-1 1.477190782e-1 1.490230164e-1 1.504517078e-1 1.519697160e-1 1.536209033e-1 1.553477678e-1 1.572050991e-1 1.591161761e-1 1.611828444e-1 1.633821994e-1 1.657298221e-1 1.682493049e-1 1.709047815e-1 1.737165689e-1 1.766795382e-1 1.798142749e-1 1.831738054e-1 1.868804404e-1 1.910589830e-1 1.959151595e-1 2.010599898e-1 2.055741879e-1 2.092209523e-1 2.120665137e-1 2.149024889e-1 2.178022205e-1 2.205450143e-1 2.232947313e-1 2.260150125e-1 2.287903943e-1 2.321542519e-1 2.357784704e-1 2.402477546e-1 2.408423017e-1 2.414419646e-1 2.420585384e-1 2.426853365e-1 2.433166469e-1 2.439528887e-1 2.445961502e-1 2.452410699e-1 2.458844539e-1 2.465285004e-1 2.471813574e-1 2.478474428e-1 2.485295075e-1 2.492206554e-1 2.499179611e-1 2.506202099e-1 2.513252244e-1 2.520315904e-1 2.527543106e-1 2.534954671e-1 2.542485224e-1 2.550132975e-1 2.557867432e-1 2.565671512e-1 2.573686373e-1 2.581763034e-1 2.589687145e-1 2.597646297e-1 2.605764662e-1 2.614115099e-1 2.622667843e-1 2.631357360e-1 2.640230355e-1 2.649223270e-1 2.658276073e-1 2.667296764e-1 2.676494102e-1 2.685962928e-1 2.695790698e-1 2.706032073e-1 2.716408737e-1 2.726707977e-1 2.737235010e-1 2.748031163e-1 2.759053529e-1 2.770282470e-1 2.781681736e-1 2.793177986e-1 2.804830266e-1 2.816515226e-1 2.828195916e-1 2.840215140e-1 2.852593866e-1 2.865018795e-1 2.877393300e-1 2.889625674e-1 2.901855203e-1 2.914315091e-1 2.927299550e-1 2.940358415e-1 2.953178809e-1 2.965737224e-1 2.978674950e-1 2.991930217e-1 3.005073290e-1 3.018025464e-1 3.030744889e-1 3.042411568e-1 3.052807187e-1 3.062121394e-1 3.069813459e-1 3.075426567e-1 3.078457628e-1 3.077478188e-1 3.071072222e-1 3.057900821e-1 3.037799353e-1 3.011307630e-1 2.984822372e-1 2.977100199e-1
1.471622623e2 1.461991430e2 1.436782001e2 1.401610411e2 1.360619262e2 1.316573285e2 1.271282224e2 1.225923066e2 1.181254818e2 1.137758637e2 1.095729558e2 1.055337184e2 1.016666342e2 9.797445983e1 9.445609982e1 9.110789847e1 8.792453858e1 8.489967266e1 8.202636680e1 7.929741030e1 7.670552919e1 7.190440920e1 6.756799920e1 6.364568901e1 6.009187202e1 5.686594910e1 5.393203989e1 5.125855232e1 4.881769977e1 4.658503399e1 4.453902459e1 4.266070570e1 4.093335663e1 3.934221515e1 3.787422828e1 3.651782286e1 3.526270673e1 3.409970701e1 3.302062940e1 3.201813036e1 3.108560958e1 3.021712470e1 2.940732596e1 2.865139032e1 2.794495469e1 2.728405851e1 2.666509386e1 2.608476091e1 2.554003573e1 2.502814706e1 2.454656095e1 2.366528931e1 2.288025456e1 2.217829125e1 2.154841186e1 2.098137921e1 2.046932477e1 2.000549479e1 1.958410091e1 1.920017192e1 1.884943789e1 1.852817720e1 1.823301346e1 1.796082204e1 1.770887202e1 1.747489911e1 1.725699545e1 1.705357471e1 1.686331623e1 1.668510457e1 1.651797252e1 1.614308163e1 1.581996797e1 1.553674641e1 1.528455787e1 1.505738506e1 1.485059884e1 1.466091564e1 1.448466331e1 1.431900919e1 1.416287847e1 1.401580648e1 1.387702562e1 1.374445921e1 1.361689934e1 1.349388283e1 1.337506322e1 1.326016178e1 1.314817268e1 1.303874799e1 1.293220512e1 1.282874132e1 1.272808932e1 1.262952984e1 1.253298283e1 1.234613922e1 1.216622307e1 1.199187752e1 1.182451177e1 1.166201580e1 1.150474596e1 1.135188517e1 1.120380907e1 1.106103949e1 1.092137683e1 1.078535125e1 1.065250848e1 1.052378381e1 1.039889427e1 1.027653153e1 1.015697370e1 1.003925721e1 9.924870331e0 9.813208038e0 9.703273744e0 9.284001805e0 8.892011117e0 8.521232325e0 8.169024922e0 7.832233978e0 7.507110594e0 7.193897875e0 6.890258964e0 6.596292302e0 6.312104839e0 6.036608814e0 5.769172840e0 5.511345168e0 5.261305215e0 5.020085426e0 4.787584174e0 4.563088178e0 4.347139590e0 4.139316223e0 3.940558562e0 3.749259942e0 3.566462382e0 3.391144838e0 3.224011837e0 3.064250342e0 2.911690145e0 2.766139218e0 2.627687372e0 2.495843680e0 2.370073050e0 2.251063983e0 2.137709235e0 2.029940064e0 1.927996607e0 1.831204726e0 1.739157095e0 1.652307256e0 1.569844838e0 1.491658419e0 1.417714977e0 1.347556314e0 1.281255111e0 1.218462556e0 1.158940018e0 1.102797172e0 1.049464272e0 9.991709028e-1 9.516624926e-1 9.066189416e-1 8.641765113e-1 8.239252985e-1 7.859380409e-1 7.499517953e-1 7.159428515e-1 6.836325006e-1 6.531745912e-1 6.242189069e-1 5.969877274e-1 5.710262520e-1 5.466344771e-1 5.235558216e-1 5.017308244e-1 4.810593180e-1 4.615971907e-1 4.430017465e-1 4.254955295e-1 4.088962821e-1 3.930134385e-1 3.780741862e-1 3.638938956e-1 3.504555233e-1 3.377688701e-1 3.257920744e-1 3.144837905e-1 3.037622790e-1 2.935538990e-1 2.839002896e-1 2.747226492e-1 2.659714774e-1 2.577441072e-1 2.499227253e-1 2.425160935e-1 2.355029852e-1 2.288641979e-1 2.225446649e-1 2.165539761e-1 2.109016889e-1 2.055683234e-1 2.005442711e-1 1.957922487e-1 1.913413339e-1 1.871348999e-1 1.831897764e-1 1.794714396e-1 1.759513463e-1 1.726552494e-1 1.695478233e-1 1.666300181e-1 1.638931374e-1 1.613896871e-1 1.590672452e-1 1.569126303e-1 1.549242955e-1 1.531087302e-1 1.514416739e-1 1.499201818e-1 1.485523492e-1 1.472956636e-1 1.461596940e-1 1.451591606e-1 1.443220991e-1 1.436266222e-1 1.430637551e-1 1.426415536e-1 1.423164228e-1 1.421448933e-1 1.420773915e-1 1.420951856e-1 1.422319902e-1 1.424633167e-1 1.428198447e-1 1.432941333e-1 1.438925602e-1 1.445995709e-1 1.454233622e-1 1.463472547e-1 1.473976370e-1 1.485473838e-1 1.498105382e-1 1.511586758e-1 1.526042389e-1 1.541546912e-1 1.558585866e-1 1.576646293e-1 1.596096116e-1 1.616982135e-1 1.638946947e-1 1.662540516e-1 1.687130132e-1 1.713378298e-1 1.741341414e-1 1.770897743e-1 1.802828425e-1 1.837109321e-1 1.874864965e-1 1.917606093e-1 1.965795355e-1 2.018255908e-1 2.067158331e-1 2.103914653e-1 2.133152008e-1 2.158855553e-1 2.184578774e-1 2.210584835e-1 2.234605895e-1 2.262821215e-1 2.293034375e-1 2.326513350e-1 2.363989999e-1 2.405298239e-1 2.410833099e-1 2.416438251e-1 2.422089966e-1 2.427885549e-1 2.433765334e-1 2.439623390e-1 2.445593286e-1 2.451592547e-1 2.457640593e-1 2.463806155e-1 2.470055633e-1 2.476324454e-1 2.482487574e-1 2.488592338e-1 2.494888170e-1 2.501403779e-1 2.508072283e-1 2.514904868e-1 2.521840021e-1 2.529018674e-1 2.536435339e-1 2.543904349e-1 2.551362182e-1 2.558882023e-1 2.566467202e-1 2.574068889e-1 2.581681926e-1 2.589318736e-1 2.597151480e-1 2.605305470e-1 2.613756172e-1 2.622429379e-1 2.631350764e-1 2.640560646e-1 2.649986677e-1 2.659554464e-1 2.669080293e-1 2.678556262e-1 2.688137350e-1 2.697862809e-1 2.707759211e-1 2.717830745e-1 2.728062622e-1 2.738409301e-1 2.748977749e-1 2.759790686e-1 2.771084742e-1 2.783023710e-1 2.795448298e-1 2.808005172e-1 2.820344301e-1 2.832349485e-1 2.844172006e-1 2.855993183e-1 2.868074052e-1 2.880573233e-1 2.893596926e-1 2.906979262e-1 2.920476993e-1 2.933697300e-1 2.946585641e-1 2.958791638e-1 2.970458401e-1 2.982084043e-1 2.994072843e-1 3.006178474e-1 3.018370625e-1 3.030313882e-1 3.041206167e-1 3.050678903e-1 3.057913754e-1 3.062557245e-1 3.063744655e-1 3.060396928e-1 3.051917385e-1 3.038069378e-1 3.018294748e-1 2.992999788e-1 2.967800934e-1 2.961133325e-1
1.439573477e2 1.430688808e2 1.407302020e2 1.374475437e2 1.336010142e2 1.294481191e2 1.251597249e2 1.208485160e2 1.165883138e2 1.124268172e2 1.083940244e2 1.045078772e2 1.007780784e2 9.720868971e1 9.379991794e1 9.054935760e1 8.745286720e1 8.450518906e1 8.170038648e1 7.903215380e1 7.649403417e1 7.178240256e1 6.751547872e1 6.364670758e1 6.013379684e1 5.693882035e1 5.402799296e1 5.137133573e1 4.894232554e1 4.671753955e1 4.467629261e1 4.280029650e1 4.107335877e1 3.948112602e1 3.801085004e1 3.665118165e1 3.539198448e1 3.422419325e1 3.313969673e1 3.213121428e1 3.119219673e1 3.031675186e1 2.949957590e1 2.873587766e1 2.802131608e1 2.735194888e1 2.672418971e1 2.613478070e1 2.558076979e1 2.505947947e1 2.456846856e1 2.366853335e1 2.286527910e1 2.214565396e1 2.149877635e1 2.091547391e1 2.038792047e1 1.990945360e1 1.947440483e1 1.907790162e1 1.871560190e1 1.838360982e1 1.807853186e1 1.779746745e1 1.753786590e1 1.729747705e1 1.707432546e1 1.686666699e1 1.667295846e1 1.649182410e1 1.632206632e1 1.594090649e1 1.561041948e1 1.531965658e1 1.506101391e1 1.482902843e1 1.461913608e1 1.442689060e1 1.424908337e1 1.408348725e1 1.392833340e1 1.378222341e1 1.364346717e1 1.351082801e1 1.338389576e1 1.326230624e1 1.314546203e1 1.303219422e1 1.292212320e1 1.281514453e1 1.271116773e1 1.261010169e1 1.251126532e1 1.241446487e1 1.231992679e1 1.213775518e1 1.196206410e1 1.179253731e1 1.162843724e1 1.146967885e1 1.131719081e1 1.116819058e1 1.102325388e1 1.088214786e1 1.074557175e1 1.061346301e1 1.048397338e1 1.035768494e1 1.023382091e1 1.011355293e1 9.996456440e0 9.881652774e0 9.769345973e0 9.658572174e0 9.550646807e0 9.138845220e0 8.754157919e0 8.392087734e0 8.047624116e0 7.718217584e0 7.401429758e0 7.096131550e0 6.801564686e0 6.516227335e0 6.239351350e0 5.971628191e0 5.711763512e0 5.460779070e0 5.217910634e0 4.982826564e0 4.755971991e0 4.536707014e0 4.326172624e0 4.123286149e0 3.928220800e0 3.740720388e0 3.561534967e0 3.389761239e0 3.225305697e0 3.067559532e0 2.917450707e0 2.773791071e0 2.636764156e0 2.506165798e0 2.381990203e0 2.263855582e0 2.151339521e0 2.044545552e0 1.943011874e0 1.846486396e0 1.755067874e0 1.668242946e0 1.585771857e0 1.507703992e0 1.433405458e0 1.363384310e0 1.296817945e0 1.233786491e0 1.174151995e0 1.117733009e0 1.064375889e0 1.013773250e0 9.658565461e-1 9.204257505e-1 8.774731556e-1 8.368195120e-1 7.983774579e-1 7.621352736e-1 7.276662325e-1 6.951498994e-1 6.642463248e-1 6.350375639e-1 6.073669938e-1 5.811325001e-1 5.563596202e-1 5.329290502e-1 5.107316463e-1 4.897604624e-1 4.698473361e-1 4.510097949e-1 4.331941028e-1 4.162540035e-1 4.002099636e-1 3.850236093e-1 3.706274162e-1 3.569968789e-1 3.440718913e-1 3.318934534e-1 3.203043310e-1 3.092676868e-1 2.988510717e-1 2.889790637e-1 2.795837002e-1 2.707905450e-1 2.624114222e-1 2.543958225e-1 2.468204646e-1 2.396437505e-1 2.328247234e-1 2.263965871e-1 2.203076045e-1 2.145674700e-1 2.091104949e-1 2.039276340e-1 1.990719478e-1 1.944991125e-1 1.901890760e-1 1.861401911e-1 1.823451232e-1 1.787800748e-1 1.753896150e-1 1.722020826e-1 1.692063265e-1 1.664002892e-1 1.638110607e-1 1.614227918e-1 1.592057208e-1 1.571572508e-1 1.552894651e-1 1.535668630e-1 1.519728545e-1 1.505071334e-1 1.492006915e-1 1.480159788e-1 1.470060575e-1 1.461510357e-1 1.454190808e-1 1.448010554e-1 1.442942887e-1 1.439180888e-1 1.436627983e-1 1.435288331e-1 1.435175028e-1 1.436041756e-1 1.438054366e-1 1.441418469e-1 1.445853292e-1 1.451225161e-1 1.458028435e-1 1.465589491e-1 1.474494280e-1 1.484290773e-1 1.495323343e-1 1.507330387e-1 1.520390310e-1 1.534515499e-1 1.549923188e-1 1.566502506e-1 1.584536558e-1 1.603668736e-1 1.624452236e-1 1.646266054e-1 1.669756479e-1 1.694391626e-1 1.720915077e-1 1.749606157e-1 1.780118829e-1 1.812062441e-1 1.846957212e-1 1.885419849e-1 1.927365546e-1 1.975994436e-1 2.032325036e-1 2.079511851e-1 2.114418395e-1 2.144318508e-1 2.170665141e-1 2.197062509e-1 2.220785138e-1 2.244470097e-1 2.269133451e-1 2.294950635e-1 2.323829858e-1 2.357499425e-1 2.397692338e-1 2.403179355e-1 2.408691484e-1 2.414240707e-1 2.419865197e-1 2.425703540e-1 2.431706650e-1 2.437743118e-1 2.443825208e-1 2.449913977e-1 2.456030237e-1 2.462241628e-1 2.468632548e-1 2.475215694e-1 2.481978292e-1 2.488805450e-1 2.495747317e-1 2.502821241e-1 2.510056997e-1 2.517514024e-1 2.525108219e-1 2.532672018e-1 2.540187214e-1 2.547742644e-1 2.555375991e-1 2.563180746e-1 2.571219307e-1 2.579516337e-1 2.588094662e-1 2.596663700e-1 2.605100321e-1 2.613622735e-1 2.622254077e-1 2.631039064e-1 2.640001518e-1 2.649127122e-1 2.658494863e-1 2.668110861e-1 2.677909245e-1 2.687826868e-1 2.697910651e-1 2.708170398e-1 2.718391584e-1 2.728609979e-1 2.738932391e-1 2.749321283e-1 2.759968751e-1 2.770956821e-1 2.782195882e-1 2.793687495e-1 2.805179816e-1 2.816649743e-1 2.828318434e-1 2.840178934e-1 2.852135039e-1 2.864054812e-1 2.875897398e-1 2.887972330e-1 2.899973067e-1 2.912016131e-1 2.924034325e-1 2.936634064e-1 2.949491413e-1 2.961996048e-1 2.974003821e-1 2.985725106e-1 2.997131265e-1 3.008299795e-1 3.018765362e-1 3.028169148e-1 3.036302145e-1 3.043101124e-1 3.048220382e-1 3.050717954e-1 3.049320261e-1 3.043069024e-1 3.031264178e-1 3.013127503e-1 2.988362758e-1 2.964507061e-1 2.958479163e-1
1.411758918e2 1.403533956e2 1.381768295e2 1.351040522e2 1.314847173e2 1.275591573e2 1.234889993e2 1.193822533e2 1.153106795e2 1.113214234e2 1.074447933e2 1.036995038e2 1.000962541e2 9.664019108e1 9.333262346e1 9.017222764e1 8.715589862e1 8.427935198e1 8.153755328e1 7.892502600e1 7.643606985e1 7.180583040e1 6.760157683e1 6.378056147e1 6.030347532e1 5.713473178e1 5.424243290e1 5.159814537e1 4.917660179e1 4.695539123e1 4.491465590e1 4.303678200e1 4.130610273e1 3.970864854e1 3.823194640e1 3.686484846e1 3.559737645e1 3.442058168e1 3.332642833e1 3.230769342e1 3.135789111e1 3.047120250e1 2.964239992e1 2.886677550e1 2.814007679e1 2.745845278e1 2.681841637e1 2.621681435e1 2.565079118e1 2.511774710e1 2.461530752e1 2.369373243e1 2.287075676e1 2.213347399e1 2.147096700e1 2.087387999e1 2.033411014e1 1.984459057e1 1.939916825e1 1.899258560e1 1.862039169e1 1.827880753e1 1.796460451e1 1.767497192e1 1.740746369e1 1.715990703e1 1.693037992e1 1.671716935e1 1.651868654e1 1.633337177e1 1.615973817e1 1.576900854e1 1.542957985e1 1.513179701e1 1.486819543e1 1.463236659e1 1.441848932e1 1.422272501e1 1.404254755e1 1.387597539e1 1.372078633e1 1.357419035e1 1.343489818e1 1.330234255e1 1.317606772e1 1.305528094e1 1.293867820e1 1.282592493e1 1.271726052e1 1.261274031e1 1.251158907e1 1.241271568e1 1.231580594e1 1.222086054e1 1.212809837e1 1.194777312e1 1.177410633e1 1.160845946e1 1.144799361e1 1.129229587e1 1.114069544e1 1.099442021e1 1.085367016e1 1.071634616e1 1.058240504e1 1.045101215e1 1.032375652e1 1.020012968e1 1.007916881e1 9.960920649e0 9.844348813e0 9.731186519e0 9.620866574e0 9.512572742e0 9.406179507e0 9.001658758e0 8.623720857e0 8.269022689e0 7.931286308e0 7.608915361e0 7.300632244e0 7.002511716e0 6.714896546e0 6.437462997e0 6.168136581e0 5.907301347e0 5.655079735e0 5.410250175e0 5.173289819e0 4.944021134e0 4.722601020e0 4.509143040e0 4.303062758e0 4.104776316e0 3.913667048e0 3.730598255e0 3.554406942e0 3.385557032e0 3.223521067e0 3.068646830e0 2.920471582e0 2.778775735e0 2.643803406e0 2.514862884e0 2.392064124e0 2.274641429e0 2.163300506e0 2.057318032e0 1.956258519e0 1.860253278e0 1.769255267e0 1.682573733e0 1.600525832e0 1.522353085e0 1.448544055e0 1.378429934e0 1.311799650e0 1.248683028e0 1.188884968e0 1.132302419e0 1.078554510e0 1.027668754e0 9.795528676e-1 9.338140499e-1 8.905940426e-1 8.496161139e-1 8.108711778e-1 7.740409307e-1 7.393148466e-1 7.064338306e-1 6.751644101e-1 6.456702287e-1 6.176634856e-1 5.911680685e-1 5.660653669e-1 5.422753791e-1 5.197336081e-1 4.984202911e-1 4.781651128e-1 4.589960061e-1 4.409006825e-1 4.236590823e-1 4.073689707e-1 3.919348799e-1 3.772895069e-1 3.634435093e-1 3.503434448e-1 3.378981430e-1 3.260501770e-1 3.148885738e-1 3.042790851e-1 2.941651320e-1 2.846528159e-1 2.756303677e-1 2.670364432e-1 2.589218462e-1 2.512220402e-1 2.438895820e-1 2.369373691e-1 2.303479703e-1 2.241161791e-1 2.182124594e-1 2.126125716e-1 2.073619041e-1 2.024119510e-1 1.977659592e-1 1.933524971e-1 1.892178784e-1 1.853098294e-1 1.816297501e-1 1.781691394e-1 1.748717793e-1 1.718333463e-1 1.689846722e-1 1.663260622e-1 1.638850095e-1 1.615944404e-1 1.594947847e-1 1.575564978e-1 1.557494838e-1 1.540899462e-1 1.525499797e-1 1.512048447e-1 1.500216476e-1 1.489684219e-1 1.480498468e-1 1.472721481e-1 1.465882101e-1 1.460468940e-1 1.456220638e-1 1.453036828e-1 1.451076717e-1 1.450440305e-1 1.451246019e-1 1.453085197e-1 1.456006880e-1 1.459934743e-1 1.465026112e-1 1.471136476e-1 1.478494395e-1 1.486942053e-1 1.496479809e-1 1.507012361e-1 1.518416483e-1 1.531295254e-1 1.545567861e-1 1.560847292e-1 1.577478701e-1 1.595265298e-1 1.614377803e-1 1.634912086e-1 1.656869524e-1 1.680358014e-1 1.705524633e-1 1.732412707e-1 1.761118623e-1 1.791680550e-1 1.824392674e-1 1.860632099e-1 1.898871225e-1 1.941460391e-1 1.992296498e-1 2.046486008e-1 2.093690854e-1 2.128946556e-1 2.159334429e-1 2.187869571e-1 2.210996249e-1 2.234525865e-1 2.258260720e-1 2.281002109e-1 2.306286232e-1 2.335289854e-1 2.367047251e-1 2.403508398e-1 2.408640579e-1 2.414002533e-1 2.419463229e-1 2.424886901e-1 2.430324925e-1 2.435905834e-1 2.441696207e-1 2.447661413e-1 2.453705844e-1 2.459825888e-1 2.466101117e-1 2.472586062e-1 2.479160183e-1 2.485711547e-1 2.492442190e-1 2.499373092e-1 2.506367227e-1 2.513386709e-1 2.520463324e-1 2.527791668e-1 2.535546336e-1 2.543539170e-1 2.551512164e-1 2.559406424e-1 2.567291367e-1 2.575083340e-1 2.582994161e-1 2.591226488e-1 2.599657207e-1 2.608217164e-1 2.616873566e-1 2.625513057e-1 2.634266838e-1 2.643334425e-1 2.652567075e-1 2.662008823e-1 2.671764726e-1 2.681746073e-1 2.691986230e-1 2.702380278e-1 2.712863840e-1 2.723468810e-1 2.734363777e-1 2.745318143e-1 2.756119538e-1 2.766793053e-1 2.777392523e-1 2.788389123e-1 2.799987669e-1 2.811772184e-1 2.823359707e-1 2.834626686e-1 2.845891513e-1 2.857689144e-1 2.870199714e-1 2.883381553e-1 2.896791906e-1 2.909854213e-1 2.922494201e-1 2.934811403e-1 2.946812158e-1 2.958973275e-1 2.971566636e-1 2.983847850e-1 2.995536172e-1 3.006847594e-1 3.017483557e-1 3.027400359e-1 3.035862028e-1 3.042919248e-1 3.049066213e-1 3.054108017e-1 3.056699935e-1 3.054611280e-1 3.046588224e-1 3.031671781e-1 3.009336885e-1 2.982501881e-1 2.958569023e-1 2.952843589e-1
1.387152521e2 1.379517323e2 1.359211786e2 1.330389939e2 1.296276131e2 1.259117338e2 1.220443683e2 1.181290426e2 1.142354358e2 1.104099882e2 1.066830852e2 1.030739566e2 9.959405247e1 9.624938294e1 9.304215006e1 8.997190480e1 8.703637475e1 8.423205966e1 8.155465885e1 7.899937542e1 7.656113486e1 7.201500735e1 6.787513425e1 6.410228463e1 6.066012168e1 5.751554187e1 5.463869176e1 5.200279578e1 4.958391341e1 4.736067742e1 4.531402365e1 4.342694453e1 4.168428343e1 4.007254708e1 3.857971982e1 3.719509005e1 3.590909337e1 3.471317068e1 3.359964975e1 3.256163941e1 3.159293131e1 3.068791162e1 2.984149025e1 2.904904043e1 2.830634804e1 2.760956827e1 2.695519631e1 2.634004335e1 2.576120388e1 2.521602723e1 2.470209583e1 2.375930753e1 2.291718408e1 2.216237318e1 2.148354435e1 2.087113077e1 2.031696594e1 1.981404156e1 1.935628566e1 1.893840463e1 1.855580836e1 1.820454179e1 1.788121504e1 1.758288638e1 1.730700286e1 1.705128246e1 1.681365168e1 1.659229760e1 1.638565596e1 1.619237120e1 1.601129472e1 1.560563091e1 1.525644772e1 1.495274403e1 1.468473323e1 1.444518424e1 1.422905070e1 1.403214525e1 1.385126065e1 1.368321157e1 1.352571526e1 1.337804072e1 1.323948449e1 1.310878242e1 1.298410562e1 1.286455602e1 1.274980231e1 1.263926361e1 1.253230084e1 1.242802672e1 1.232633027e1 1.222767218e1 1.213213859e1 1.203924703e1 1.194824654e1 1.177130325e1 1.160127898e1 1.143670587e1 1.127891226e1 1.112675697e1 1.097895000e1 1.083538000e1 1.069489192e1 1.055910100e1 1.042726165e1 1.029873618e1 1.017332008e1 1.005039848e1 9.931750298e0 9.815784194e0 9.702119363e0 9.590642654e0 9.481265806e0 9.375031690e0 9.270438838e0 8.871531747e0 8.500207893e0 8.151062330e0 7.820460515e0 7.505297380e0 7.203640474e0 6.913038199e0 6.632614861e0 6.361188513e0 6.098519999e0 5.844375848e0 5.598019212e0 5.359129080e0 5.127864290e0 4.904902694e0 4.689020413e0 4.480398435e0 4.278804910e0 4.084697516e0 3.898029099e0 3.718183357e0 3.545374733e0 3.379305998e0 3.220562104e0 3.068103407e0 2.921957259e0 2.782653127e0 2.649132230e0 2.521871344e0 2.400032784e0 2.284404000e0 2.173881680e0 2.068553789e0 1.968507413e0 1.873203851e0 1.782297548e0 1.696208430e0 1.614184474e0 1.536420006e0 1.462527287e0 1.392213116e0 1.325843992e0 1.262662916e0 1.202766803e0 1.145821019e0 1.091774402e0 1.040844403e0 9.923572249e-1 9.465940598e-1 9.030224119e-1 8.618904592e-1 8.227003610e-1 7.856617266e-1 7.505806711e-1 7.171788572e-1 6.858133723e-1 6.559073617e-1 6.276901244e-1 6.008397461e-1 5.754809391e-1 5.513600781e-1 5.285955236e-1 5.069201503e-1 4.864811740e-1 4.670657523e-1 4.485953536e-1 4.311070412e-1 4.145146001e-1 3.988305299e-1 3.839612978e-1 3.699515314e-1 3.565965653e-1 3.439239015e-1 3.319132349e-1 3.204754122e-1 3.096089379e-1 2.994045280e-1 2.897621688e-1 2.805209282e-1 2.718325147e-1 2.635512467e-1 2.556298092e-1 2.481371536e-1 2.410067970e-1 2.343031007e-1 2.279451658e-1 2.219354540e-1 2.162609940e-1 2.108781319e-1 2.057989159e-1 2.010093519e-1 1.965112698e-1 1.922953789e-1 1.883179509e-1 1.845550765e-1 1.809969180e-1 1.776634191e-1 1.745476453e-1 1.716334280e-1 1.689064525e-1 1.664014476e-1 1.640563104e-1 1.618843480e-1 1.598503203e-1 1.579749926e-1 1.562743253e-1 1.547433664e-1 1.533443011e-1 1.521056400e-1 1.510061010e-1 1.500139228e-1 1.491736920e-1 1.484526579e-1 1.478659780e-1 1.474081925e-1 1.470499781e-1 1.468254540e-1 1.467410916e-1 1.467592093e-1 1.469079055e-1 1.471640515e-1 1.475291961e-1 1.480300148e-1 1.486130383e-1 1.493129917e-1 1.501171064e-1 1.510266236e-1 1.520357684e-1 1.531809914e-1 1.544506690e-1 1.558605242e-1 1.573943385e-1 1.590349074e-1 1.608000773e-1 1.627396616e-1 1.647959406e-1 1.670494305e-1 1.694180057e-1 1.719863408e-1 1.747020022e-1 1.775739331e-1 1.806272387e-1 1.840129539e-1 1.875877918e-1 1.915155834e-1 1.959697072e-1 2.009112099e-1 2.062566959e-1 2.109710702e-1 2.149293624e-1 2.177497184e-1 2.204021837e-1 2.228956790e-1 2.251645149e-1 2.274890049e-1 2.297602069e-1 2.320456956e-1 2.344910011e-1 2.376749190e-1 2.414005343e-1 2.419274051e-1 2.424684331e-1 2.430242252e-1 2.435942092e-1 2.441627459e-1 2.447315271e-1 2.453053764e-1 2.458815932e-1 2.464601310e-1 2.470543648e-1 2.476737548e-1 2.483158302e-1 2.489826746e-1 2.496719028e-1 2.503791988e-1 2.511007522e-1 2.518160605e-1 2.525246369e-1 2.532361232e-1 2.539615050e-1 2.547024529e-1 2.554728738e-1 2.562711344e-1 2.570767338e-1 2.578933728e-1 2.587179107e-1 2.595497277e-1 2.603877874e-1 2.612342538e-1 2.620835852e-1 2.629416354e-1 2.638029781e-1 2.646851103e-1 2.655947409e-1 2.665383175e-1 2.675009713e-1 2.684741548e-1 2.694557936e-1 2.704453939e-1 2.714541355e-1 2.724916072e-1 2.735579224e-1 2.746463019e-1 2.757529957e-1 2.768857403e-1 2.780308672e-1 2.791835987e-1 2.803295770e-1 2.814551721e-1 2.825831387e-1 2.837273231e-1 2.849021144e-1 2.860949042e-1 2.873004416e-1 2.885428293e-1 2.898146460e-1 2.911038278e-1 2.923888119e-1 2.936555151e-1 2.948961472e-1 2.961102035e-1 2.973416156e-1 2.986012067e-1 2.998592568e-1 3.010771036e-1 3.022187170e-1 3.033299656e-1 3.044467928e-1 3.055090515e-1 3.063535597e-1 3.069116884e-1 3.072144262e-1 3.071503328e-1 3.066238387e-1 3.056743678e-1 3.041645224e-1 3.020166953e-1 2.995314410e-1 2.973522030e-1 2.968724650e-1
1.362028029e2 1.354918531e2 1.335922868e2 1.308822032e2 1.276596288e2 1.241349698e2 1.204531978e2 1.167135295e2 1.129835606e2 1.093089760e2 1.057201852e2 1.022368796e2 9.887119635e1 9.562993882e1 9.251614518e1 8.953020431e1 8.667065663e1 8.393477014e1 8.131895716e1 7.881907704e1 7.643065483e1 7.196951921e1 6.789808431e1 6.418005622e1 6.078146312e1 5.767111458e1 5.482069269e1 5.220468501e1 4.980024205e1 4.758694873e1 4.554656543e1 4.366279949e1 4.192109862e1 4.030845617e1 3.881323217e1 3.742499148e1 3.613437149e1 3.493296902e1 3.381323182e1 3.276836381e1 3.179223735e1 3.087931279e1 3.002456873e1 2.922344518e1 2.847179474e1 2.776583628e1 2.710212197e1 2.647751178e1 2.588914654e1 2.533441757e1 2.481093910e1 2.384916202e1 2.298831380e1 2.221519969e1 2.151863467e1 2.088913635e1 2.031865791e1 1.980035328e1 1.932829546e1 1.889728081e1 1.850268495e1 1.814048164e1 1.780723479e1 1.749995833e1 1.721603737e1 1.695315062e1 1.670920517e1 1.648233986e1 1.627090213e1 1.607343181e1 1.588865064e1 1.547500124e1 1.511807856e1 1.480602195e1 1.453039271e1 1.428484122e1 1.406429434e1 1.386385905e1 1.368017788e1 1.351057746e1 1.335292979e1 1.320550740e1 1.306631025e1 1.293417147e1 1.280872073e1 1.268935300e1 1.257501405e1 1.246453541e1 1.235768332e1 1.225431430e1 1.215425437e1 1.205717392e1 1.196233725e1 1.186967768e1 1.177950103e1 1.160623168e1 1.143922612e1 1.127825557e1 1.112217429e1 1.097119064e1 1.082588680e1 1.068407843e1 1.054611796e1 1.041188785e1 1.028200193e1 1.015589224e1 1.003240084e1 9.911810994e0 9.793537845e0 9.678817135e0 9.567003204e0 9.457435686e0 9.350191942e0 9.244172385e0 9.141245548e0 8.748619935e0 8.382923726e0 8.040479596e0 7.715676676e0 7.406468761e0 7.110201505e0 6.825780028e0 6.551948936e0 6.287373631e0 6.030719274e0 5.782879590e0 5.542259902e0 5.309690957e0 5.084400452e0 4.866055341e0 4.655089691e0 4.450852212e0 4.254120143e0 4.064298327e0 3.880967714e0 3.704423682e0 3.534981897e0 3.372186732e0 3.215829325e0 3.065575186e0 2.922113632e0 2.784556897e0 2.652904003e0 2.526874538e0 2.406870858e0 2.292191694e0 2.182670208e0 2.078507604e0 1.978980485e0 1.884126518e0 1.794162778e0 1.708379754e0 1.626714288e0 1.549163380e0 1.475431669e0 1.405555233e0 1.338966493e0 1.275712497e0 1.215641766e0 1.158718982e0 1.104796067e0 1.053614281e0 1.004973119e0 9.588537186e-1 9.151133363e-1 8.735424644e-1 8.341538464e-1 7.969581792e-1 7.614999580e-1 7.280578700e-1 6.961568559e-1 6.660163712e-1 6.374734922e-1 6.103409742e-1 5.846467909e-1 5.602617193e-1 5.371469510e-1 5.152942299e-1 4.944648079e-1 4.747727844e-1 4.561425089e-1 4.384223377e-1 4.216364301e-1 4.057190307e-1 3.906008144e-1 3.762951157e-1 3.626850587e-1 3.498498645e-1 3.376614963e-1 3.260175000e-1 3.150613930e-1 3.046120302e-1 2.946423110e-1 2.853207427e-1 2.764466277e-1 2.679482098e-1 2.599749547e-1 2.523777339e-1 2.451580715e-1 2.382962047e-1 2.318275841e-1 2.257125442e-1 2.199018802e-1 2.144044759e-1 2.092420604e-1 2.043827641e-1 1.998037822e-1 1.954533366e-1 1.913873929e-1 1.875460135e-1 1.839095390e-1 1.805155485e-1 1.773053792e-1 1.743110378e-1 1.715332157e-1 1.689691170e-1 1.665794504e-1 1.643287308e-1 1.622755741e-1 1.603642494e-1 1.585988332e-1 1.569772526e-1 1.555328261e-1 1.542332643e-1 1.530987002e-1 1.521205265e-1 1.512482597e-1 1.504912500e-1 1.498516993e-1 1.493554717e-1 1.489587947e-1 1.487000683e-1 1.485770780e-1 1.485623951e-1 1.486649752e-1 1.488999335e-1 1.492405621e-1 1.496949611e-1 1.502658770e-1 1.509369786e-1 1.517356705e-1 1.526261375e-1 1.536317260e-1 1.547650149e-1 1.560206676e-1 1.573932838e-1 1.589270939e-1 1.605959151e-1 1.623765622e-1 1.642701651e-1 1.663658630e-1 1.686023190e-1 1.710300712e-1 1.735726450e-1 1.763297684e-1 1.793179530e-1 1.824580993e-1 1.857790226e-1 1.894951964e-1 1.935494363e-1 1.978848407e-1 2.028756756e-1 2.086520167e-1 2.134492291e-1 2.169792597e-1 2.199312871e-1 2.225800962e-1 2.250192814e-1 2.271455468e-1 2.292450622e-1 2.313851699e-1 2.336706227e-1 2.360446336e-1 2.390893824e-1 2.427987468e-1 2.433004940e-1 2.438211143e-1 2.443531767e-1 2.448829521e-1 2.454263512e-1 2.459837924e-1 2.465460038e-1 2.471232986e-1 2.477219171e-1 2.483428677e-1 2.489708080e-1 2.495923137e-1 2.502110428e-1 2.508353361e-1 2.514830798e-1 2.521636062e-1 2.528695482e-1 2.535936759e-1 2.543285095e-1 2.550786717e-1 2.558303585e-1 2.565708192e-1 2.573040736e-1 2.580521684e-1 2.588305048e-1 2.596386214e-1 2.604653752e-1 2.613013832e-1 2.621504688e-1 2.630150168e-1 2.639026973e-1 2.648170833e-1 2.657566662e-1 2.667166761e-1 2.676998586e-1 2.686950733e-1 2.696988653e-1 2.707121504e-1 2.717303437e-1 2.727599969e-1 2.738045301e-1 2.748479283e-1 2.758967990e-1 2.769508131e-1 2.780216232e-1 2.791169996e-1 2.802383703e-1 2.813786078e-1 2.825456594e-1 2.837333702e-1 2.849394883e-1 2.861614116e-1 2.873971147e-1 2.886340570e-1 2.898605577e-1 2.910675864e-1 2.922733695e-1 2.934901560e-1 2.947110351e-1 2.959700441e-1 2.972566348e-1 2.985432379e-1 2.997850851e-1 3.009665070e-1 3.020700091e-1 3.030933069e-1 3.040667936e-1 3.049821654e-1 3.058234652e-1 3.065562484e-1 3.071787665e-1 3.075828553e-1 3.076797406e-1 3.074308216e-1 3.067092762e-1 3.053455632e-1 3.033001911e-1 3.007661458e-1 2.985356374e-1 2.980406179e-1
1.340084368e2 1.333444231e2 1.315623781e2 1.290074282e2 1.259556830e2 1.226045297e2 1.190914965e2 1.155117288e2 1.119307829e2 1.083935340e2 1.049303198e2 1.015611929e2 9.829889288e1 9.515094445e1 9.212115021e1 8.921066225e1 8.641875851e1 8.374340520e1 8.118166749e1 7.873001116e1 7.638452244e1 7.199541035e1 6.798050855e1 6.430654112e1 6.094199422e1 5.785763855e1 5.502673427e1 5.242504764e1 5.003074429e1 4.782420112e1 4.578779832e1 4.390572325e1 4.216379480e1 4.054930901e1 3.905089319e1 3.765836039e1 3.636257167e1 3.515530938e1 3.402916568e1 3.297744403e1 3.199407967e1 3.107357685e1 3.021095414e1 2.940169293e1 2.864169013e1 2.792721461e1 2.725486644e1 2.662153971e1 2.602439881e1 2.546086182e1 2.492857481e1 2.394932110e1 2.307147835e1 2.228217041e1 2.157031521e1 2.092637523e1 2.034220354e1 1.981081919e1 1.932619851e1 1.888313096e1 1.847712637e1 1.810430075e1 1.776123795e1 1.744492331e1 1.715268798e1 1.688214799e1 1.663110323e1 1.639757777e1 1.617988260e1 1.597656235e1 1.578633172e1 1.536053263e1 1.499367686e1 1.467382208e1 1.439167746e1 1.413965582e1 1.391279622e1 1.370770611e1 1.352146787e1 1.335078049e1 1.319268625e1 1.304508889e1 1.290613646e1 1.277453515e1 1.264903781e1 1.252870422e1 1.241340507e1 1.230301119e1 1.219728808e1 1.209533369e1 1.199646006e1 1.190038677e1 1.180688365e1 1.171578283e1 1.162647927e1 1.145309339e1 1.128802714e1 1.112925319e1 1.097613754e1 1.082770926e1 1.068311299e1 1.054408946e1 1.040858290e1 1.027667325e1 1.014776376e1 1.002188096e1 9.900121087e0 9.780822015e0 9.664416310e0 9.550735322e0 9.440049920e0 9.332288160e0 9.226443631e0 9.122812602e0 9.020866854e0 8.634373842e0 8.273988485e0 7.935716112e0 7.615619404e0 7.311353555e0 7.021574795e0 6.743719753e0 6.475883520e0 6.216376999e0 5.965380692e0 5.722889011e0 5.488298149e0 5.260845755e0 5.040359568e0 4.826737541e0 4.620132944e0 4.421059893e0 4.228327344e0 4.042145850e0 3.862732269e0 3.689961356e0 3.523713874e0 3.363689905e0 3.209849112e0 3.062390146e0 2.920759374e0 2.784979160e0 2.654874165e0 2.530953811e0 2.412061909e0 2.298468576e0 2.190456471e0 2.087028167e0 1.988338163e0 1.894566621e0 1.804902705e0 1.719488232e0 1.638384325e0 1.561064575e0 1.487423376e0 1.417512283e0 1.351088905e0 1.288027116e0 1.228118459e0 1.171017360e0 1.116976164e0 1.065490408e0 1.016763075e0 9.704587318e-1 9.264455032e-1 8.848633130e-1 8.452750568e-1 8.077164043e-1 7.721097281e-1 7.383368234e-1 7.062917902e-1 6.758278973e-1 6.469145454e-1 6.196060746e-1 5.935129389e-1 5.689171783e-1 5.456127950e-1 5.234354294e-1 5.024435639e-1 4.825587011e-1 4.635105418e-1 4.455851066e-1 4.286147128e-1 4.123309673e-1 3.970611885e-1 3.825368812e-1 3.687652099e-1 3.557020467e-1 3.432716596e-1 3.315005954e-1 3.203358550e-1 3.097570532e-1 2.997429532e-1 2.901849605e-1 2.810849259e-1 2.725197334e-1 2.643691585e-1 2.565873999e-1 2.492335637e-1 2.422890540e-1 2.356927871e-1 2.294551249e-1 2.235504513e-1 2.179546406e-1 2.126694359e-1 2.076827833e-1 2.030280432e-1 1.986482431e-1 1.945014341e-1 1.905903120e-1 1.868779755e-1 1.833987895e-1 1.801040567e-1 1.770498053e-1 1.741925761e-1 1.715180098e-1 1.690795365e-1 1.668253166e-1 1.647283512e-1 1.627960688e-1 1.609793487e-1 1.593337468e-1 1.578304137e-1 1.564828335e-1 1.552987986e-1 1.542344561e-1 1.533209543e-1 1.525545742e-1 1.519113266e-1 1.513703355e-1 1.509469091e-1 1.506560458e-1 1.505017597e-1 1.504733279e-1 1.505620741e-1 1.507712187e-1 1.510786601e-1 1.515163366e-1 1.520596860e-1 1.527221413e-1 1.534930990e-1 1.543749251e-1 1.553611688e-1 1.565049876e-1 1.577688730e-1 1.591476487e-1 1.606350894e-1 1.622747439e-1 1.640758287e-1 1.660538998e-1 1.681629465e-1 1.704285974e-1 1.728367902e-1 1.754607886e-1 1.782331956e-1 1.811980082e-1 1.844081069e-1 1.879481535e-1 1.915754298e-1 1.955733123e-1 2.001855458e-1 2.052301661e-1 2.108348103e-1 2.157597645e-1 2.196571942e-1 2.224093977e-1 2.248040613e-1 2.270327017e-1 2.291757002e-1 2.312420312e-1 2.333022903e-1 2.353746418e-1 2.376415187e-1 2.405504744e-1 2.441361692e-1 2.446229581e-1 2.451119005e-1 2.456050146e-1 2.461107966e-1 2.466348557e-1 2.471817801e-1 2.477453807e-1 2.483209692e-1 2.489022078e-1 2.494873000e-1 2.500828961e-1 2.506902881e-1 2.513138799e-1 2.519450554e-1 2.525855224e-1 2.532370298e-1 2.539075767e-1 2.545996513e-1 2.553064300e-1 2.560282354e-1 2.567638195e-1 2.575210803e-1 2.583015485e-1 2.590967313e-1 2.599174997e-1 2.607720791e-1 2.616491656e-1 2.625425858e-1 2.634372833e-1 2.643465536e-1 2.652772028e-1 2.662251278e-1 2.671871550e-1 2.681573596e-1 2.691225070e-1 2.700758513e-1 2.710407643e-1 2.720313837e-1 2.730444159e-1 2.740827185e-1 2.751270817e-1 2.761681471e-1 2.772096543e-1 2.782464652e-1 2.792864927e-1 2.803539813e-1 2.814596568e-1 2.825964856e-1 2.837615815e-1 2.849679935e-1 2.862253321e-1 2.875013485e-1 2.887694294e-1 2.900314705e-1 2.913038151e-1 2.925886811e-1 2.938838488e-1 2.951898831e-1 2.965245351e-1 2.978793854e-1 2.992052340e-1 3.004668327e-1 3.016254469e-1 3.027153654e-1 3.037875134e-1 3.048600535e-1 3.059052890e-1 3.068864248e-1 3.077631257e-1 3.084921734e-1 3.090061749e-1 3.092884790e-1 3.092657018e-1 3.088340933e-1 3.078961457e-1 3.063560056e-1 3.041439930e-1 3.014383463e-1 2.991460830e-1 2.986361441e-1
1.322400046e2 1.316183959e2 1.299431982e2 1.275302582e2 1.246358494e2 1.214453739e2 1.180893934e2 1.146591546e2 1.112181760e2 1.078104217e2 1.044660019e2 1.012051543e2 9.804104460e1 9.498175951e1 9.203173540e1 8.919278837e1 8.646485920e1 8.384655601e1 8.133555135e1 7.892887496e1 7.662313169e1 7.229966598e1 6.833465294e1 6.469755982e1 6.135914616e1 5.829209626e1 5.547128521e1 5.287383832e1 5.047904723e1 4.826821691e1 4.622450471e1 4.433275480e1 4.257933776e1 4.095200551e1 3.943975172e1 3.803267722e1 3.672187024e1 3.549930448e1 3.435774216e1 3.329063599e1 3.229203763e1 3.135652314e1 3.047914464e1 2.965539752e1 2.888118997e1 2.815281158e1 2.746689839e1 2.682039211e1 2.621049930e1 2.563465922e1 2.509052039e1 2.408888097e1 2.319025057e1 2.238152502e1 2.165153757e1 2.099076705e1 2.039107943e1 1.984550031e1 1.934799627e1 1.889324644e1 1.847650569e1 1.809361744e1 1.774099399e1 1.741553930e1 1.711459202e1 1.683579034e1 1.657698406e1 1.633622879e1 1.611182902e1 1.590231521e1 1.570638308e1 1.526799353e1 1.489039239e1 1.456191023e1 1.427331312e1 1.401726130e1 1.378783091e1 1.357972858e1 1.338961552e1 1.321525427e1 1.305444304e1 1.290471967e1 1.276380424e1 1.263070466e1 1.250457183e1 1.238446452e1 1.226948094e1 1.215882872e1 1.205244013e1 1.195031822e1 1.185203537e1 1.175667506e1 1.166363305e1 1.157288295e1 1.148440774e1 1.131360329e1 1.114935889e1 1.099256312e1 1.084087329e1 1.069354035e1 1.055061538e1 1.041126185e1 1.027714398e1 1.014684379e1 1.001978337e1 9.895798404e0 9.774947365e0 9.657960526e0 9.543175095e0 9.430982112e0 9.320958003e0 9.213628104e0 9.109041708e0 9.006462303e0 8.906518476e0 8.523953551e0 8.168620429e0 7.835857017e0 7.521376252e0 7.222403613e0 6.937483917e0 6.663829613e0 6.400704653e0 6.146575229e0 5.901293402e0 5.664494354e0 5.434979011e0 5.212294087e0 4.996793383e0 4.787758544e0 4.586388485e0 4.390867674e0 4.201872552e0 4.019426067e0 3.843223291e0 3.673967548e0 3.510741797e0 3.353457222e0 3.202323445e0 3.057391165e0 2.918147356e0 2.784095432e0 2.656294745e0 2.533485695e0 2.415971988e0 2.303715912e0 2.196490036e0 2.094063449e0 1.996244741e0 1.902891635e0 1.814028355e0 1.729429019e0 1.648713375e0 1.571507930e0 1.498530966e0 1.428978791e0 1.362431236e0 1.299481415e0 1.239289063e0 1.182475606e0 1.128250393e0 1.076846516e0 1.027964664e0 9.814520750e-1 9.375437828e-1 8.955369008e-1 8.559270016e-1 8.180411102e-1 7.823166993e-1 7.483615393e-1 7.159306524e-1 6.852260807e-1 6.561553365e-1 6.284159463e-1 6.022444175e-1 5.773266904e-1 5.537528389e-1 5.313871027e-1 5.102176974e-1 4.900085178e-1 4.710224090e-1 4.527821071e-1 4.355104136e-1 4.191038492e-1 4.035296958e-1 3.886773100e-1 3.747395373e-1 3.615452407e-1 3.489111966e-1 3.370328811e-1 3.257602091e-1 3.149543598e-1 3.047396895e-1 2.950035224e-1 2.858267440e-1 2.770305734e-1 2.687122838e-1 2.608727267e-1 2.533860049e-1 2.462874017e-1 2.395853932e-1 2.332376513e-1 2.272282554e-1 2.215408958e-1 2.161866783e-1 2.111409841e-1 2.063847663e-1 2.018747426e-1 1.976352465e-1 1.936336334e-1 1.898631627e-1 1.863289451e-1 1.829725994e-1 1.798632215e-1 1.769433723e-1 1.742271824e-1 1.717308824e-1 1.693636561e-1 1.672255163e-1 1.652696122e-1 1.634457398e-1 1.617713449e-1 1.602176265e-1 1.588347463e-1 1.575767933e-1 1.564562105e-1 1.554949461e-1 1.546787672e-1 1.540162223e-1 1.535075910e-1 1.531195714e-1 1.528250254e-1 1.526340991e-1 1.525481672e-1 1.525849997e-1 1.527325128e-1 1.530152984e-1 1.534364273e-1 1.539710819e-1 1.546336413e-1 1.554218189e-1 1.563255584e-1 1.573504690e-1 1.584603022e-1 1.597131777e-1 1.610831459e-1 1.626178153e-1 1.642842485e-1 1.660853190e-1 1.680300980e-1 1.701282651e-1 1.724204059e-1 1.749151052e-1 1.775314853e-1 1.803733012e-1 1.833935971e-1 1.866450128e-1 1.901103544e-1 1.939002197e-1 1.980331286e-1 2.025195559e-1 2.075562523e-1 2.134771289e-1 2.182707154e-1 2.220264034e-1 2.249859571e-1 2.275647430e-1 2.296486977e-1 2.314848730e-1 2.334163547e-1 2.353429144e-1 2.377229966e-1 2.403229113e-1 2.435337439e-1 2.471324659e-1 2.475553135e-1 2.479898454e-1 2.484395591e-1 2.489111059e-1 2.494068266e-1 2.499371689e-1 2.505014259e-1 2.510800323e-1 2.516646534e-1 2.522452495e-1 2.528283279e-1 2.534257708e-1 2.540503739e-1 2.546970874e-1 2.553463512e-1 2.559868879e-1 2.566276711e-1 2.572787424e-1 2.579429450e-1 2.586341885e-1 2.593498795e-1 2.600836118e-1 2.608396027e-1 2.616160421e-1 2.624079122e-1 2.632034613e-1 2.640046019e-1 2.648259722e-1 2.656854658e-1 2.665786360e-1 2.675005059e-1 2.684507074e-1 2.694132947e-1 2.703927545e-1 2.713856967e-1 2.723817108e-1 2.733760433e-1 2.743711376e-1 2.753763990e-1 2.764037309e-1 2.774509513e-1 2.785211688e-1 2.796121875e-1 2.807322194e-1 2.818858727e-1 2.830516368e-1 2.842218865e-1 2.853995634e-1 2.865847071e-1 2.877794506e-1 2.889990201e-1 2.902516139e-1 2.915361070e-1 2.928510493e-1 2.941998749e-1 2.955529365e-1 2.968892096e-1 2.982077548e-1 2.995154348e-1 3.008026701e-1 3.020567115e-1 3.032745308e-1 3.044810201e-1 3.056765753e-1 3.068539743e-1 3.079817437e-1 3.090373567e-1 3.099994217e-1 3.107929595e-1 3.114128208e-1 3.118469819e-1 3.120597351e-1 3.119859583e-1 3.114787276e-1 3.103909733e-1 3.087743414e-1 3.067000339e-1 3.043076904e-1 3.023478670e-1 3.019864936e-1
1.305449830e2 1.299614362e2 1.283825638e2 1.260981885e2 1.233467071e2 1.203025956e2 1.170900003e2 1.137965547e2 1.104838936e2 1.071951555e2 1.039602626e2 1.007996427e2 9.772687236e1 9.475056647e1 9.187573897e1 8.910478913e1 8.643822254e1 8.387518222e1 8.141384118e1 7.905169351e1 7.678577177e1 7.252936456e1 6.861689604e1 6.502022163e1 6.171216849e1 5.866717614e1 5.586154726e1 5.327352182e1 5.088327979e1 4.867288237e1 4.662616318e1 4.472857533e1 4.296702582e1 4.132972463e1 3.980605093e1 3.838643758e1 3.706226602e1 3.582575913e1 3.466988756e1 3.358828853e1 3.257518543e1 3.162531398e1 3.073386581e1 2.989644629e1 2.910903611e1 2.836795557e1 2.766983539e1 2.701159386e1 2.639041309e1 2.580371078e1 2.524910993e1 2.422760528e1 2.331030068e1 2.248397405e1 2.173742590e1 2.106110577e1 2.044683388e1 1.988756242e1 1.937717082e1 1.891032840e1 1.848236217e1 1.808914227e1 1.772701379e1 1.739274071e1 1.708339940e1 1.679637752e1 1.652942990e1 1.628064582e1 1.604841869e1 1.583137259e1 1.562828241e1 1.517438887e1 1.478533603e1 1.444807065e1 1.415207861e1 1.388985121e1 1.365568522e1 1.344478194e1 1.325262097e1 1.307556044e1 1.291173692e1 1.275997440e1 1.261888192e1 1.248652061e1 1.236114620e1 1.224178550e1 1.212782421e1 1.201880579e1 1.191383129e1 1.181203343e1 1.171336167e1 1.161805971e1 1.152604829e1 1.143650124e1 1.134892744e1 1.117982162e1 1.101835252e1 1.086216893e1 1.071250732e1 1.056768079e1 1.042696710e1 1.029027439e1 1.015710715e1 1.002876566e1 9.903615402e0 9.781476407e0 9.661885895e0 9.545495743e0 9.432758683e0 9.322234932e0 9.214238398e0 9.107902169e0 9.004132020e0 8.902913747e0 8.803476745e0 8.424187925e0 8.072943583e0 7.743575983e0 7.432783865e0 7.139214561e0 6.858207438e0 6.589187909e0 6.330253508e0 6.080334188e0 5.840097126e0 5.607436224e0 5.381812431e0 5.164168116e0 4.953152181e0 4.749207602e0 4.551709527e0 4.360415465e0 4.175184286e0 3.996305635e0 3.823994483e0 3.657474146e0 3.497139399e0 3.342350274e0 3.193883430e0 3.051213049e0 2.913911814e0 2.782220318e0 2.656063704e0 2.535196338e0 2.418981352e0 2.308300207e0 2.202095717e0 2.100492545e0 2.003637469e0 1.911197292e0 1.822502480e0 1.738421128e0 1.658119488e0 1.581609503e0 1.508791331e0 1.439221172e0 1.373236403e0 1.310308888e0 1.250401895e0 1.193446590e0 1.139068321e0 1.087587567e0 1.038623351e0 9.920719079e-1 9.478850097e-1 9.058616508e-1 8.659266299e-1 8.279916009e-1 7.920181743e-1 7.576269515e-1 7.252282372e-1 6.942063575e-1 6.650075753e-1 6.370741182e-1 6.106745782e-1 5.856158920e-1 5.618256062e-1 5.391590518e-1 5.177358905e-1 4.973013716e-1 4.779039961e-1 4.595317460e-1 4.420123810e-1 4.254977477e-1 4.097474945e-1 3.948347083e-1 3.806478056e-1 3.671447272e-1 3.543910156e-1 3.422619483e-1 3.307443968e-1 3.198899079e-1 3.095841478e-1 2.996947356e-1 2.904031281e-1 2.815360238e-1 2.730577184e-1 2.650218339e-1 2.573754364e-1 2.501799095e-1 2.433660837e-1 2.369130997e-1 2.308598165e-1 2.251053746e-1 2.196309369e-1 2.144670639e-1 2.095960403e-1 2.049975089e-1 2.006779680e-1 1.965738633e-1 1.927649041e-1 1.891899896e-1 1.858280369e-1 1.826740594e-1 1.797024401e-1 1.769437074e-1 1.743743041e-1 1.719874274e-1 1.697833028e-1 1.677211198e-1 1.658554194e-1 1.641576945e-1 1.626058055e-1 1.612049391e-1 1.599345763e-1 1.588281304e-1 1.578550626e-1 1.570094539e-1 1.562894338e-1 1.556778465e-1 1.552029558e-1 1.549061927e-1 1.547079413e-1 1.546176709e-1 1.546483475e-1 1.548157704e-1 1.550987748e-1 1.555084940e-1 1.560457833e-1 1.566870851e-1 1.574447912e-1 1.583142765e-1 1.593261047e-1 1.604691811e-1 1.617301900e-1 1.631121191e-1 1.646661722e-1 1.663766881e-1 1.682497987e-1 1.702167807e-1 1.723692965e-1 1.747040153e-1 1.771834573e-1 1.798640569e-1 1.827230780e-1 1.858052958e-1 1.891092836e-1 1.926875261e-1 1.965077821e-1 2.006531832e-1 2.052646545e-1 2.104477407e-1 2.157845924e-1 2.208993422e-1 2.247269323e-1 2.274448847e-1 2.299038030e-1 2.321111547e-1 2.340799209e-1 2.358978793e-1 2.380812016e-1 2.400292064e-1 2.424201942e-1 2.450301787e-1 2.484295974e-1 2.489100166e-1 2.493970301e-1 2.498933144e-1 2.504038620e-1 2.509271726e-1 2.514661024e-1 2.520258666e-1 2.526044067e-1 2.531921469e-1 2.537901031e-1 2.543922595e-1 2.550082311e-1 2.556393956e-1 2.562695402e-1 2.569028740e-1 2.575462755e-1 2.582063338e-1 2.588921028e-1 2.595997384e-1 2.603258237e-1 2.610731127e-1 2.618401068e-1 2.626184441e-1 2.634053785e-1 2.642061677e-1 2.650181618e-1 2.658428935e-1 2.666761103e-1 2.675311942e-1 2.684059568e-1 2.693067584e-1 2.702455086e-1 2.712155160e-1 2.722111114e-1 2.732191902e-1 2.742392160e-1 2.752672645e-1 2.763081344e-1 2.773704843e-1 2.784591683e-1 2.795600387e-1 2.806783968e-1 2.818188653e-1 2.829900582e-1 2.841860679e-1 2.854050117e-1 2.866332798e-1 2.878545768e-1 2.890811595e-1 2.903234475e-1 2.915760452e-1 2.928322031e-1 2.940897614e-1 2.953328743e-1 2.965596174e-1 2.977846754e-1 2.990123993e-1 3.002384148e-1 3.014831904e-1 3.027190175e-1 3.039291895e-1 3.051211427e-1 3.062918156e-1 3.074224535e-1 3.084865441e-1 3.094793577e-1 3.103875662e-1 3.112124718e-1 3.118916236e-1 3.123966639e-1 3.127582089e-1 3.129462902e-1 3.128778554e-1 3.124006798e-1 3.113484161e-1 3.096461761e-1 3.074126937e-1 3.049038541e-1 3.028522609e-1 3.024667613e-1
1.290175284e2 1.284685901e2 1.269777723e2 1.248115903e2 1.221921471e2 1.192837779e2 1.162045430e2 1.130385512e2 1.098455156e2 1.066676615e2 1.035346331e2 1.004669725e2 9.747860077e1 9.457860638e1 9.177254272e1 8.906337308e1 8.645216380e1 8.393859891e1 8.152136581e1 7.919844334e1 7.696731719e1 7.276886310e1 6.890124145e1 6.533870797e1 6.205599968e1 5.902912210e1 5.623572043e1 5.365521510e1 5.126879739e1 4.905934867e1 4.701133998e1 4.511071665e1 4.334477448e1 4.170203105e1 4.017209654e1 3.874555366e1 3.741386118e1 3.616927531e1 3.500478117e1 3.391402511e1 3.289124609e1 3.193122034e1 3.102921063e1 3.018091095e1 2.938239588e1 2.863007837e1 2.792067394e1 2.725117158e1 2.661880764e1 2.602104350e1 2.545554275e1 2.441289621e1 2.347564212e1 2.263088366e1 2.186753813e1 2.117590412e1 2.054747383e1 1.997485420e1 1.945166202e1 1.897240504e1 1.853236095e1 1.812744192e1 1.775407400e1 1.740912469e1 1.708985109e1 1.679384013e1 1.651895030e1 1.626324117e1 1.602490128e1 1.580225485e1 1.559381226e1 1.512675073e1 1.472490159e1 1.437666693e1 1.407258388e1 1.380384281e1 1.356341660e1 1.334634626e1 1.314872870e1 1.296761711e1 1.280039326e1 1.264504039e1 1.250045463e1 1.236560658e1 1.223917429e1 1.211946867e1 1.200536923e1 1.189609987e1 1.179106473e1 1.168981019e1 1.159164694e1 1.149631531e1 1.140397976e1 1.131467990e1 1.122802491e1 1.106067830e1 1.089998906e1 1.074477125e1 1.059468031e1 1.045148176e1 1.031294213e1 1.017832621e1 1.004677681e1 9.918661837e0 9.794768453e0 9.673649619e0 9.555556957e0 9.439616485e0 9.326768596e0 9.216782162e0 9.109174877e0 9.004430288e0 8.901382275e0 8.801381012e0 8.703497139e0 8.328352118e0 7.979416166e0 7.654039760e0 7.348162705e0 7.057817189e0 6.781023952e0 6.515892768e0 6.261622331e0 6.017459573e0 5.781379265e0 5.552765417e0 5.331844194e0 5.117669990e0 4.910706784e0 4.710629299e0 4.516350862e0 4.329088475e0 4.147640722e0 3.972806985e0 3.803706836e0 3.640335880e0 3.482395501e0 3.330883826e0 3.184796148e0 3.044062929e0 2.908560848e0 2.779041288e0 2.654553905e0 2.534828344e0 2.420547430e0 2.310842552e0 2.205789554e0 2.105500746e0 2.009599068e0 1.917845879e0 1.830337502e0 1.746493889e0 1.666576638e0 1.590641633e0 1.517953638e0 1.448480831e0 1.382842940e0 1.320041348e0 1.260466624e0 1.203472006e0 1.149343563e0 1.097937707e0 1.048661630e0 1.002160980e0 9.576496040e-1 9.155514405e-1 8.753995516e-1 8.373745950e-1 8.011905837e-1 7.667348822e-1 7.341517642e-1 7.032010037e-1 6.735674624e-1 6.455849579e-1 6.189679490e-1 5.936098642e-1 5.695352277e-1 5.466865284e-1 5.249244248e-1 5.043723558e-1 4.847456986e-1 4.661641068e-1 4.485880347e-1 4.318384649e-1 4.158700970e-1 4.008159714e-1 3.865022805e-1 3.728111930e-1 3.599063463e-1 3.476993157e-1 3.359739618e-1 3.249284629e-1 3.144141479e-1 3.044405907e-1 2.949343520e-1 2.859181814e-1 2.773518810e-1 2.691838883e-1 2.614465325e-1 2.541764084e-1 2.472455943e-1 2.406602406e-1 2.344870048e-1 2.286287576e-1 2.230948617e-1 2.178537062e-1 2.129002700e-1 2.082322272e-1 2.038202609e-1 1.996917122e-1 1.958022181e-1 1.921359201e-1 1.887194318e-1 1.855182356e-1 1.825280898e-1 1.796757531e-1 1.770632776e-1 1.746520036e-1 1.724025209e-1 1.703175741e-1 1.683981761e-1 1.666405524e-1 1.650672706e-1 1.636412774e-1 1.623501267e-1 1.612080962e-1 1.601713791e-1 1.593282481e-1 1.585874219e-1 1.579748577e-1 1.575116458e-1 1.571516138e-1 1.569468036e-1 1.568790685e-1 1.569342304e-1 1.570919838e-1 1.573612669e-1 1.577413423e-1 1.582578317e-1 1.588892581e-1 1.596327945e-1 1.605221139e-1 1.615431514e-1 1.627041445e-1 1.639985052e-1 1.654191142e-1 1.669797153e-1 1.686876253e-1 1.705168069e-1 1.725004629e-1 1.746624580e-1 1.770397049e-1 1.795628768e-1 1.823371224e-1 1.853110990e-1 1.884609953e-1 1.918841455e-1 1.955708545e-1 1.994817839e-1 2.036368623e-1 2.082457845e-1 2.134125084e-1 2.189856964e-1 2.238481887e-1 2.274662172e-1 2.306300928e-1 2.329766464e-1 2.350759685e-1 2.371410497e-1 2.389771084e-1 2.405985240e-1 2.424102330e-1 2.447517717e-1 2.473845025e-1 2.505386708e-1 2.510056031e-1 2.514920360e-1 2.519858990e-1 2.524870852e-1 2.530079309e-1 2.535438620e-1 2.540877497e-1 2.546363931e-1 2.551983093e-1 2.557791532e-1 2.563707788e-1 2.569774439e-1 2.576083693e-1 2.582522323e-1 2.589042239e-1 2.595692115e-1 2.602522639e-1 2.609581909e-1 2.616937070e-1 2.624545790e-1 2.632331931e-1 2.640252672e-1 2.648333651e-1 2.656715849e-1 2.665359879e-1 2.674193921e-1 2.683185516e-1 2.692221982e-1 2.701297670e-1 2.710463814e-1 2.719833795e-1 2.729418437e-1 2.739221399e-1 2.749226332e-1 2.759374373e-1 2.769709359e-1 2.780249745e-1 2.790839421e-1 2.801539187e-1 2.812548165e-1 2.823841110e-1 2.835243699e-1 2.846759827e-1 2.858603604e-1 2.870720410e-1 2.882890430e-1 2.895063903e-1 2.907251900e-1 2.919471412e-1 2.931855078e-1 2.944388193e-1 2.956747192e-1 2.968881992e-1 2.981197443e-1 2.993978404e-1 3.007104067e-1 3.020199141e-1 3.033268234e-1 3.046362786e-1 3.059344382e-1 3.072014817e-1 3.084647854e-1 3.097485016e-1 3.110131098e-1 3.122291673e-1 3.133573411e-1 3.143428245e-1 3.151768447e-1 3.158550576e-1 3.163272496e-1 3.166061410e-1 3.166949860e-1 3.164649679e-1 3.157957453e-1 3.146613737e-1 3.129997377e-1 3.108102624e-1 3.083797143e-1 3.064420446e-1 3.061076308e-1
1.275088006e2 1.269913718e2 1.255811936e2 1.235240104e2 1.210272017e2 1.182458378e2 1.152923658e2 1.122475918e2 1.091693755e2 1.060989968e2 1.030657191e2 1.000900561e2 9.718612250e1 9.436333186e1 9.162763292e1 8.898241787e1 8.642919417e1 8.396808473e1 8.159820200e1 7.931792934e1 7.712513291e1 7.299177193e1 6.917590533e1 6.565397599e1 6.240256639e1 5.939923332e1 5.662291747e1 5.405408985e1 5.167479509e1 4.946862380e1 4.742064301e1 4.551731027e1 4.374636914e1 4.209673279e1 4.055836835e1 3.912218637e1 3.777994205e1 3.652415122e1 3.534801612e1 3.424535223e1 3.321052552e1 3.223839847e1 3.132428107e1 3.046389158e1 2.965332324e1 2.888901321e1 2.816770716e1 2.748642372e1 2.684242831e1 2.623321087e1 2.565646471e1 2.459205732e1 2.363410837e1 2.276969549e1 2.198762634e1 2.127821739e1 2.063314312e1 2.004519984e1 1.950803897e1 1.901604407e1 1.856432822e1 1.814867691e1 1.776542495e1 1.741135938e1 1.708364370e1 1.677976831e1 1.649749012e1 1.623479066e1 1.598987510e1 1.576116113e1 1.554723361e1 1.506866238e1 1.465687935e1 1.429924227e1 1.398642322e1 1.371050074e1 1.346444670e1 1.324262997e1 1.304128447e1 1.285750934e1 1.268874690e1 1.253246864e1 1.238655386e1 1.224990633e1 1.212168731e1 1.200076119e1 1.188561919e1 1.177532188e1 1.166953787e1 1.156794812e1 1.147008918e1 1.137523768e1 1.128304774e1 1.119373388e1 1.110741872e1 1.094207230e1 1.078332640e1 1.063061613e1 1.048278372e1 1.034065668e1 1.020363448e1 1.007009751e1 9.940693499e0 9.814252453e0 9.691783768e0 9.572559670e0 9.455613319e0 9.341418378e0 9.229496315e0 9.121168610e0 9.015195353e0 8.911296207e0 8.809092812e0 8.708967154e0 8.612037900e0 8.239603135e0 7.895111927e0 7.572828554e0 7.269129729e0 6.981675477e0 6.708084650e0 6.446602762e0 6.195812663e0 5.955362135e0 5.723458195e0 5.499530107e0 5.283124659e0 5.073331479e0 4.870814144e0 4.674358170e0 4.484121435e0 4.299853165e0 4.121624028e0 3.949662535e0 3.783034261e0 3.622588735e0 3.467548746e0 3.318756831e0 3.174883496e0 3.036389654e0 2.903400114e0 2.775655325e0 2.652752396e0 2.534284752e0 2.421545664e0 2.312989100e0 2.208858003e0 2.109731551e0 2.014584305e0 1.923315942e0 1.836758227e0 1.753596654e0 1.674223744e0 1.598589070e0 1.526403955e0 1.457544651e0 1.391850028e0 1.329149590e0 1.269463587e0 1.212626762e0 1.158633609e0 1.107145736e0 1.058058134e0 1.011446161e0 9.671133252e-1 9.247726554e-1 8.845638325e-1 8.463727718e-1 8.099495340e-1 7.754158694e-1 7.424716539e-1 7.112931996e-1 6.815800159e-1 6.534542094e-1 6.266679149e-1 6.011245352e-1 5.769257955e-1 5.539378661e-1 5.318925826e-1 5.111407754e-1 4.913734956e-1 4.725493602e-1 4.548091609e-1 4.379404663e-1 4.218366107e-1 4.066340915e-1 3.920933117e-1 3.782762976e-1 3.651922865e-1 3.526973081e-1 3.409227274e-1 3.296888559e-1 3.190189622e-1 3.089548269e-1 2.993652856e-1 2.902007913e-1 2.815107299e-1 2.732555329e-1 2.653990965e-1 2.579776855e-1 2.509712894e-1 2.443411081e-1 2.380369935e-1 2.321249672e-1 2.265118835e-1 2.212149030e-1 2.162124556e-1 2.114306900e-1 2.069653760e-1 2.027566879e-1 1.988056956e-1 1.951129339e-1 1.916316008e-1 1.883691830e-1 1.853579744e-1 1.825126157e-1 1.798538015e-1 1.773512638e-1 1.750462490e-1 1.728927544e-1 1.709472495e-1 1.691701865e-1 1.675320642e-1 1.660964143e-1 1.648066914e-1 1.636419562e-1 1.626147081e-1 1.617026114e-1 1.609475109e-1 1.603507994e-1 1.598504935e-1 1.594931584e-1 1.592570608e-1 1.591563947e-1 1.591906099e-1 1.593395756e-1 1.596210186e-1 1.600295688e-1 1.605463604e-1 1.611999845e-1 1.619824430e-1 1.628598744e-1 1.638955302e-1 1.650440549e-1 1.663025104e-1 1.677322764e-1 1.693520232e-1 1.710873019e-1 1.730068630e-1 1.750706865e-1 1.772699449e-1 1.796716200e-1 1.822771296e-1 1.850114481e-1 1.879808749e-1 1.911629626e-1 1.945301362e-1 1.981426265e-1 2.021743187e-1 2.064898146e-1 2.111425511e-1 2.162659893e-1 2.221821199e-1 2.268898507e-1 2.305820124e-1 2.333449584e-1 2.358689457e-1 2.376968487e-1 2.394869407e-1 2.412765969e-1 2.428508539e-1 2.447000597e-1 2.469959025e-1 2.496660638e-1 2.531920728e-1 2.536645625e-1 2.541376798e-1 2.546135216e-1 2.550900885e-1 2.555857877e-1 2.560971506e-1 2.566298265e-1 2.571909515e-1 2.577748569e-1 2.583859732e-1 2.590200790e-1 2.596685650e-1 2.603257593e-1 2.609894674e-1 2.616594177e-1 2.623359398e-1 2.630299194e-1 2.637530558e-1 2.645142791e-1 2.653056177e-1 2.661163552e-1 2.669479573e-1 2.677920660e-1 2.686413679e-1 2.694964478e-1 2.703516964e-1 2.712020465e-1 2.720587376e-1 2.729388505e-1 2.738446451e-1 2.747666682e-1 2.757070610e-1 2.766805780e-1 2.776881767e-1 2.787187799e-1 2.797665039e-1 2.808156267e-1 2.818641430e-1 2.829114752e-1 2.839649667e-1 2.850404614e-1 2.861362237e-1 2.872482503e-1 2.883862140e-1 2.895507440e-1 2.907485333e-1 2.919850462e-1 2.932419632e-1 2.945072390e-1 2.957788814e-1 2.970382270e-1 2.982892638e-1 2.995388761e-1 3.007704578e-1 3.019902627e-1 3.032308899e-1 3.045070749e-1 3.057950730e-1 3.070710649e-1 3.083380039e-1 3.096211628e-1 3.109137680e-1 3.121736764e-1 3.133594320e-1 3.144751500e-1 3.155102946e-1 3.164440071e-1 3.172308683e-1 3.178786704e-1 3.183852721e-1 3.187156293e-1 3.187613526e-1 3.184260176e-1 3.177228919e-1 3.165610997e-1 3.148799404e-1 3.127165740e-1 3.103176958e-1 3.084619490e-1 3.081915519e-1
1.261697108e2 1.256810220e2 1.243446674e2 1.223875850e2 1.200036171e2 1.173392169e2 1.145015744e2 1.115683987e2 1.085958139e2 1.056242175e2 1.026825291e2 9.979125609e1 9.696471115e1 9.421262465e1 9.154132555e1 8.895461554e1 8.645442120e1 8.404128069e1 8.171470678e1 7.947346028e1 7.731575906e1 7.324207005e1 6.947371453e1 6.598906459e1 6.276633943e1 5.978445963e1 5.702350316e1 5.446491836e1 5.209159153e1 4.988783993e1 4.783936273e1 4.593315783e1 4.415742078e1 4.250144073e1 4.095549642e1 3.951075480e1 3.815918165e1 3.689346529e1 3.570695687e1 3.459360998e1 3.354791847e1 3.256486248e1 3.163986323e1 3.076873605e1 2.994764407e1 2.917305981e1 2.844173690e1 2.775068755e1 2.709716072e1 2.647862107e1 2.589272940e1 2.481040524e1 2.383479665e1 2.295285938e1 2.215354430e1 2.142737883e1 2.076613368e1 2.016263195e1 1.961063643e1 1.910470310e1 1.864005881e1 1.821243608e1 1.781802753e1 1.745349763e1 1.711591270e1 1.680268733e1 1.651154550e1 1.624046254e1 1.598763787e1 1.575146737e1 1.553052533e1 1.503675346e1 1.461321818e1 1.424573613e1 1.392378387e1 1.363959793e1 1.338714355e1 1.316092857e1 1.295615128e1 1.276934660e1 1.259773116e1 1.243915072e1 1.229150596e1 1.215304723e1 1.202282297e1 1.190003469e1 1.178396243e1 1.167343980e1 1.156745945e1 1.146541386e1 1.136700371e1 1.127202655e1 1.118000129e1 1.109063496e1 1.100389882e1 1.083797222e1 1.067990772e1 1.052807225e1 1.038157491e1 1.023964183e1 1.010352526e1 9.971156083e0 9.842259207e0 9.716088833e0 9.593658976e0 9.475866822e0 9.360348744e0 9.247475064e0 9.136586359e0 9.028492297e0 8.923546124e0 8.820427739e0 8.719473973e0 8.620204049e0 8.523377163e0 8.155371198e0 7.813441669e0 7.494018053e0 7.194303308e0 6.910207040e0 6.639446410e0 6.381742692e0 6.135071388e0 5.897982066e0 5.669535519e0 5.448824288e0 5.235511904e0 5.029889670e0 4.830678633e0 4.637844372e0 4.451153995e0 4.269743876e0 4.095302925e0 3.926185448e0 3.762633359e0 3.604525698e0 3.452343840e0 3.305713983e0 3.164203363e0 3.027640111e0 2.896897442e0 2.770652429e0 2.649163287e0 2.532668729e0 2.420829248e0 2.313777241e0 2.210913945e0 2.112431168e0 2.018291317e0 1.928103697e0 1.841904406e0 1.759578975e0 1.680900453e0 1.605747097e0 1.533687987e0 1.465350343e0 1.399788065e0 1.337367000e0 1.277798071e0 1.221052184e0 1.167194424e0 1.115682417e0 1.066724811e0 1.020031124e0 9.756300461e-1 9.332812919e-1 8.930229015e-1 8.548918030e-1 8.182923855e-1 7.836935200e-1 7.506708462e-1 7.192734737e-1 6.894005559e-1 6.609595863e-1 6.339414203e-1 6.083191195e-1 5.838567617e-1 5.607827804e-1 5.387654958e-1 5.178332573e-1 4.979809213e-1 4.790915643e-1 4.610215240e-1 4.438870314e-1 4.276048619e-1 4.120985827e-1 3.974104010e-1 3.835448748e-1 3.703407832e-1 3.577257477e-1 3.458327122e-1 3.345137104e-1 3.236403610e-1 3.134665502e-1 3.037295308e-1 2.944649529e-1 2.856790091e-1 2.773324910e-1 2.694613054e-1 2.619547053e-1 2.548067157e-1 2.480651746e-1 2.416845899e-1 2.356286473e-1 2.299311498e-1 2.245714319e-1 2.195056444e-1 2.147192607e-1 2.101878793e-1 2.059579147e-1 2.019284202e-1 1.981599555e-1 1.946153364e-1 1.912461637e-1 1.881465855e-1 1.852656149e-1 1.825631945e-1 1.800567195e-1 1.777370796e-1 1.756243694e-1 1.736630169e-1 1.718593038e-1 1.702180667e-1 1.686738810e-1 1.673244768e-1 1.661566133e-1 1.651055032e-1 1.641952446e-1 1.634101252e-1 1.628232765e-1 1.623674887e-1 1.620294910e-1 1.617900261e-1 1.616616640e-1 1.616475397e-1 1.617754681e-1 1.620710344e-1 1.624618043e-1 1.629882464e-1 1.636310364e-1 1.644285497e-1 1.653389345e-1 1.664044344e-1 1.675681148e-1 1.688968313e-1 1.703367181e-1 1.719158487e-1 1.736538766e-1 1.755952392e-1 1.776780008e-1 1.799475844e-1 1.823865677e-1 1.850137243e-1 1.878140788e-1 1.908157679e-1 1.940545540e-1 1.975160602e-1 2.011369802e-1 2.050794404e-1 2.094552200e-1 2.141503914e-1 2.194832475e-1 2.251780685e-1 2.302920538e-1 2.339254202e-1 2.367597258e-1 2.387432255e-1 2.407860616e-1 2.425300147e-1 2.439699583e-1 2.456025987e-1 2.475231957e-1 2.497038220e-1 2.525647292e-1 2.559761057e-1 2.564385032e-1 2.569237056e-1 2.574226253e-1 2.579267645e-1 2.584422751e-1 2.589700029e-1 2.595102802e-1 2.600652388e-1 2.606232235e-1 2.611893660e-1 2.617763080e-1 2.623944758e-1 2.630394558e-1 2.637041514e-1 2.643940922e-1 2.651084626e-1 2.658299580e-1 2.665467961e-1 2.672635336e-1 2.679909036e-1 2.687439075e-1 2.695269653e-1 2.703397494e-1 2.711756267e-1 2.720282536e-1 2.728907285e-1 2.737620466e-1 2.746387189e-1 2.755301222e-1 2.764457272e-1 2.773815758e-1 2.783383438e-1 2.793200202e-1 2.803285435e-1 2.813641656e-1 2.824175666e-1 2.834810207e-1 2.845477690e-1 2.856361213e-1 2.867594867e-1 2.879075848e-1 2.890758095e-1 2.902691525e-1 2.914936170e-1 2.927391687e-1 2.939882826e-1 2.952359443e-1 2.964955479e-1 2.977669883e-1 2.990435484e-1 3.003029060e-1 3.015669821e-1 3.028568328e-1 3.041605606e-1 3.054800703e-1 3.067998686e-1 3.080943469e-1 3.093674045e-1 3.106220845e-1 3.118363641e-1 3.129936027e-1 3.140973939e-1 3.151814732e-1 3.162699508e-1 3.173755021e-1 3.184511728e-1 3.194552762e-1 3.203708521e-1 3.212022792e-1 3.218570391e-1 3.222187647e-1 3.222264292e-1 3.218537669e-1 3.210921476e-1 3.198756564e-1 3.181349198e-1 3.159206115e-1 3.135081929e-1 3.117134825e-1 3.114641281e-1
1.249002194e2 1.244379442e2 1.231698124e2 1.213058574e2 1.190275893e2 1.164734868e2 1.137457547e2 1.109190600e2 1.080477510e2 1.051712754e2 1.023181332e2 9.950874762e1 9.675755715e1 9.407454654e1 9.146637453e1 8.893721074e1 8.648936009e1 8.412373205e1 8.184019672e1 7.963785674e1 7.751525480e1 7.350154437e1 6.978132694e1 6.633481315e1 6.314175595e1 6.018237044e1 5.743784447e1 5.489059196e1 5.252435215e1 5.032419181e1 4.827644004e1 4.636860978e1 4.458932291e1 4.292822163e1 4.137587028e1 3.992366732e1 3.856377087e1 3.728903343e1 3.609294389e1 3.496957057e1 3.391350245e1 3.291979402e1 3.198392110e1 3.110174389e1 3.026947372e1 2.948363937e1 2.874105186e1 2.803877216e1 2.737408590e1 2.674448440e1 2.614765030e1 2.504389475e1 2.404763606e1 2.314596077e1 2.232779968e1 2.158363080e1 2.090527024e1 2.028564716e1 1.971860314e1 1.919873604e1 1.872127717e1 1.828196751e1 1.787695039e1 1.750271574e1 1.715613950e1 1.683449827e1 1.653540493e1 1.625676290e1 1.599672838e1 1.575366415e1 1.552613441e1 1.501724951e1 1.458104453e1 1.420308784e1 1.387175610e1 1.357908038e1 1.331940899e1 1.308774014e1 1.287877386e1 1.268831773e1 1.251359750e1 1.235241643e1 1.220291038e1 1.206295703e1 1.193100639e1 1.180642637e1 1.168882878e1 1.157757815e1 1.147135741e1 1.136937061e1 1.127123444e1 1.117658940e1 1.108503725e1 1.099594784e1 1.090912160e1 1.074309990e1 1.058602370e1 1.043504381e1 1.028972858e1 1.014860321e1 1.001270947e1 9.881421867e0 9.753883679e0 9.629705631e0 9.507978909e0 9.389974030e0 9.275271758e0 9.163354992e0 9.053851837e0 8.946619820e0 8.842463236e0 8.740292090e0 8.640079211e0 8.541588439e0 8.444994638e0 8.078382614e0 7.739435234e0 7.421774758e0 7.124284274e0 6.843506366e0 6.575927039e0 6.321344053e0 6.077371426e0 5.842548124e0 5.617186420e0 5.399311605e0 5.188489820e0 4.986333036e0 4.790397283e0 4.600802603e0 4.417227449e0 4.239771019e0 4.068377911e0 3.902277809e0 3.741668068e0 3.586087182e0 3.436731475e0 3.292057293e0 3.152195099e0 3.017844756e0 2.888762532e0 2.764328646e0 2.644484056e0 2.529751849e0 2.419599243e0 2.313820714e0 2.212230018e0 2.114906149e0 2.021534033e0 1.932234321e0 1.846600254e0 1.764681919e0 1.686600536e0 1.611819453e0 1.540152108e0 1.472210206e0 1.407137696e0 1.345120856e0 1.285850656e0 1.229258232e0 1.175520722e0 1.123923684e0 1.075115445e0 1.028325890e0 9.838254965e-1 9.414258466e-1 9.010764633e-1 8.627492338e-1 8.260639158e-1 7.914407583e-1 7.583710300e-1 7.268526854e-1 6.969024729e-1 6.684705168e-1 6.412335606e-1 6.154571031e-1 5.908621826e-1 5.674479390e-1 5.452761174e-1 5.241653167e-1 5.040748435e-1 4.850618193e-1 4.668721756e-1 4.495801263e-1 4.332394028e-1 4.176494010e-1 4.027904959e-1 3.887158806e-1 3.753939143e-1 3.626000939e-1 3.505661346e-1 3.391467866e-1 3.282130076e-1 3.178596490e-1 3.080265282e-1 2.986665151e-1 2.897986496e-1 2.813153010e-1 2.733331873e-1 2.656906126e-1 2.584569686e-1 2.516719204e-1 2.452113864e-1 2.391344622e-1 2.333368848e-1 2.278745822e-1 2.227295985e-1 2.178811304e-1 2.132881553e-1 2.089612601e-1 2.048987464e-1 2.010749503e-1 1.974901021e-1 1.941302829e-1 1.910072620e-1 1.881019390e-1 1.853806490e-1 1.828243438e-1 1.804561460e-1 1.782770971e-1 1.762677546e-1 1.744422855e-1 1.727913237e-1 1.712800265e-1 1.699127663e-1 1.687476843e-1 1.677239553e-1 1.668037434e-1 1.660146670e-1 1.653156392e-1 1.648122134e-1 1.644357045e-1 1.641941556e-1 1.641097702e-1 1.641480006e-1 1.642932632e-1 1.645769777e-1 1.649941544e-1 1.655125430e-1 1.661575080e-1 1.669324618e-1 1.678496977e-1 1.689157647e-1 1.701433755e-1 1.714831498e-1 1.729577850e-1 1.745761313e-1 1.763836125e-1 1.783213029e-1 1.804179806e-1 1.827019716e-1 1.851666309e-1 1.878311461e-1 1.906879602e-1 1.938288529e-1 1.971897183e-1 2.007439772e-1 2.045327575e-1 2.085258840e-1 2.128139798e-1 2.175733291e-1 2.228679550e-1 2.282748391e-1 2.334433258e-1 2.372755741e-1 2.399218725e-1 2.419473414e-1 2.440921183e-1 2.459382296e-1 2.473795451e-1 2.490233240e-1 2.507138744e-1 2.525032872e-1 2.550318949e-1 2.580942304e-1 2.585640990e-1 2.590499796e-1 2.595588006e-1 2.600817454e-1 2.606185399e-1 2.611729812e-1 2.617359730e-1 2.623164724e-1 2.629141559e-1 2.635286855e-1 2.641589565e-1 2.647975226e-1 2.654413023e-1 2.660956243e-1 2.667606493e-1 2.674441058e-1 2.681564742e-1 2.688992067e-1 2.696680409e-1 2.704602336e-1 2.712715404e-1 2.721084893e-1 2.729787083e-1 2.738725679e-1 2.747813356e-1 2.756960931e-1 2.766121720e-1 2.775204433e-1 2.784307817e-1 2.793574345e-1 2.803033815e-1 2.812730808e-1 2.822719694e-1 2.833112719e-1 2.843945911e-1 2.855041693e-1 2.866229854e-1 2.877416293e-1 2.888756654e-1 2.900451973e-1 2.912338885e-1 2.924263035e-1 2.936188355e-1 2.948105498e-1 2.960027101e-1 2.972060252e-1 2.984282577e-1 2.996788768e-1 3.009656144e-1 3.022839380e-1 3.036242836e-1 3.049965320e-1 3.063815364e-1 3.077552321e-1 3.091315607e-1 3.105278602e-1 3.119249942e-1 3.133066510e-1 3.146521450e-1 3.159736841e-1 3.172611080e-1 3.184842533e-1 3.196301632e-1 3.207207070e-1 3.217697407e-1 3.227706001e-1 3.236982730e-1 3.244831664e-1 3.250821840e-1 3.254674964e-1 3.255848785e-1 3.254183591e-1 3.249229013e-1 3.240704622e-1 3.227419529e-1 3.208555802e-1 3.185358357e-1 3.161326283e-1 3.143522046e-1 3.141086871e-1
1.237942472e2 1.233560750e2 1.221504057e2 1.203719659e2 1.181909174e2 1.157383137e2 1.131117050e2 1.103829340e2 1.076047077e2 1.048155935e2 1.020437005e2 9.930937249e1 9.662716076e1 9.400727983e1 9.145668608e1 8.897988043e1 8.657951174e1 8.425683482e1 8.201205859e1 7.984461119e1 7.775334278e1 7.379275404e1 7.011464326e1 6.670105843e1 6.353333840e1 6.059301532e1 5.786233005e1 5.532453577e1 5.296404771e1 5.076648466e1 4.871865855e1 4.680851623e1 4.502505376e1 4.335823376e1 4.179890046e1 4.033869894e1 3.897000875e1 3.768588168e1 3.647997363e1 3.534648010e1 3.428008747e1 3.327593265e1 3.232956132e1 3.143688464e1 3.059414308e1 2.979787868e1 2.904491223e1 2.833232249e1 2.765742666e1 2.701775694e1 2.641103551e1 2.528814537e1 2.427359541e1 2.335429750e1 2.251905655e1 2.175833636e1 2.106401380e1 2.042911457e1 1.984754483e1 1.931390926e1 1.882339685e1 1.837171629e1 1.795505291e1 1.756999082e1 1.721340864e1 1.688247877e1 1.657472161e1 1.628798036e1 1.602035990e1 1.577019078e1 1.553598369e1 1.501179349e1 1.456137693e1 1.417049626e1 1.382795293e1 1.352585977e1 1.325842446e1 1.302015804e1 1.280575285e1 1.261084137e1 1.243255810e1 1.226859696e1 1.211681122e1 1.197516353e1 1.184189323e1 1.171619432e1 1.159767469e1 1.148567888e1 1.137902306e1 1.127671982e1 1.117830138e1 1.108345587e1 1.099194511e1 1.090313320e1 1.081641828e1 1.064988240e1 1.049308079e1 1.034329740e1 1.019932122e1 1.005973233e1 9.924827892e0 9.794894790e0 9.668313082e0 9.545244850e0 9.424740340e0 9.307762241e0 9.194036854e0 9.083258863e0 8.975084714e0 8.868593584e0 8.765253568e0 8.663977995e0 8.564699365e0 8.467229770e0 8.371265059e0 8.007001075e0 7.670401795e0 7.354704220e0 7.058073071e0 6.779351531e0 6.514563641e0 6.262142120e0 6.020998217e0 5.789411524e0 5.567143973e0 5.352427266e0 5.145510230e0 4.946276647e0 4.753350485e0 4.566661794e0 4.385865195e0 4.211605818e0 4.042671607e0 3.879054461e0 3.720741480e0 3.567977715e0 3.420686439e0 3.278147663e0 3.140753987e0 3.008454010e0 2.881093686e0 2.758380632e0 2.639988875e0 2.526854619e0 2.417843427e0 2.313107847e0 2.212635867e0 2.116194981e0 2.023681257e0 1.935420757e0 1.850402960e0 1.769173724e0 1.691653089e0 1.617434943e0 1.546280807e0 1.478581501e0 1.413803251e0 1.351966739e0 1.292874438e0 1.236413089e0 1.182723153e0 1.131233342e0 1.082512078e0 1.035931921e0 9.914065101e-1 9.491263741e-1 9.087441524e-1 8.702646574e-1 8.335170565e-1 7.987170940e-1 7.655258769e-1 7.337898972e-1 7.037928028e-1 6.752438573e-1 6.478710344e-1 6.220801331e-1 5.973582431e-1 5.738346111e-1 5.515118434e-1 5.302989448e-1 5.099363708e-1 4.907515360e-1 4.724491523e-1 4.549844207e-1 4.385636197e-1 4.228726337e-1 4.078861663e-1 3.937143706e-1 3.802183574e-1 3.673008206e-1 3.551578330e-1 3.436297733e-1 3.326121587e-1 3.221751558e-1 3.122290804e-1 3.028164000e-1 2.938098105e-1 2.852167218e-1 2.771124374e-1 2.694043487e-1 2.620979920e-1 2.552198325e-1 2.486930209e-1 2.425435211e-1 2.366892974e-1 2.311332595e-1 2.259356860e-1 2.210311959e-1 2.164143314e-1 2.120239733e-1 2.079250479e-1 2.040659941e-1 2.004365055e-1 1.970452204e-1 1.938318282e-1 1.908936463e-1 1.881251118e-1 1.855569259e-1 1.831879159e-1 1.809357704e-1 1.789255160e-1 1.770759017e-1 1.753980258e-1 1.738979567e-1 1.725142300e-1 1.713023729e-1 1.702607944e-1 1.693401312e-1 1.685500176e-1 1.678746883e-1 1.673452805e-1 1.669890895e-1 1.667575851e-1 1.666474955e-1 1.666701807e-1 1.668384211e-1 1.671338079e-1 1.675584770e-1 1.681215677e-1 1.688066795e-1 1.695852833e-1 1.705055519e-1 1.715756858e-1 1.727780745e-1 1.741396744e-1 1.756461537e-1 1.773173456e-1 1.791696149e-1 1.812110873e-1 1.833507570e-1 1.856867381e-1 1.882215293e-1 1.909246665e-1 1.938577649e-1 1.969509335e-1 2.002774846e-1 2.038104975e-1 2.075640026e-1 2.115378569e-1 2.158789538e-1 2.207606495e-1 2.262167398e-1 2.318275793e-1 2.369006402e-1 2.408707920e-1 2.432725888e-1 2.452885179e-1 2.471245592e-1 2.485843274e-1 2.500864582e-1 2.515806649e-1 2.530995525e-1 2.550581280e-1 2.573311765e-1 2.607531785e-1 2.612650967e-1 2.617885588e-1 2.623278951e-1 2.628790610e-1 2.634455465e-1 2.640340733e-1 2.646394990e-1 2.652581596e-1 2.658844231e-1 2.665275829e-1 2.671986260e-1 2.678908440e-1 2.685923363e-1 2.692963143e-1 2.699915069e-1 2.706820299e-1 2.713852465e-1 2.721154050e-1 2.728729139e-1 2.736532273e-1 2.744554720e-1 2.752805332e-1 2.761263826e-1 2.769880097e-1 2.778552957e-1 2.787291674e-1 2.796113465e-1 2.804998593e-1 2.814087278e-1 2.823517959e-1 2.833371177e-1 2.843544326e-1 2.853836885e-1 2.864117669e-1 2.874451585e-1 2.885048783e-1 2.895994699e-1 2.907364844e-1 2.919069080e-1 2.930936571e-1 2.942931982e-1 2.955158483e-1 2.967517048e-1 2.979941753e-1 2.992393190e-1 3.004964399e-1 3.017875772e-1 3.031157118e-1 3.044600962e-1 3.057945148e-1 3.070991494e-1 3.083814859e-1 3.096477529e-1 3.108931178e-1 3.121333898e-1 3.134094808e-1 3.147242317e-1 3.160363714e-1 3.173142387e-1 3.185633558e-1 3.197893340e-1 3.209825064e-1 3.221343010e-1 3.232479980e-1 3.243100466e-1 3.252822363e-1 3.261232592e-1 3.268263988e-1 3.274002441e-1 3.278373123e-1 3.280789172e-1 3.280058650e-1 3.275708406e-1 3.267424398e-1 3.254556260e-1 3.237158236e-1 3.215756324e-1 3.192423527e-1 3.174635815e-1 3.172320626e-1
1.227189764e2 1.223029673e2 1.211549810e2 1.194559226e2 1.173656165e2 1.150082905e2 1.124771443e2 1.098413160e2 1.071518918e2 1.044465302e2 1.017528954e2 9.909118339e1 9.647598638e1 9.391767789e1 9.142344740e1 8.899807454e1 8.664451038e1 8.436431842e1 8.215801168e1 8.002531215e1 7.796535135e1 7.405811680e1 7.042262598e1 6.704263340e1 6.390095202e1 6.098040094e1 5.826434221e1 5.573696953e1 5.338345182e1 5.118999896e1 4.914387001e1 4.723335144e1 4.544771694e1 4.377716995e1 4.221277272e1 4.074637142e1 3.937052449e1 3.807843878e1 3.686390827e1 3.572125757e1 3.464529291e1 3.363125560e1 3.267477509e1 3.177183172e1 3.091872890e1 3.011206795e1 2.934872553e1 2.862583100e1 2.794074013e1 2.729101299e1 2.667439733e1 2.553231825e1 2.449951392e1 2.356294621e1 2.271137546e1 2.193520601e1 2.122623494e1 2.057738462e1 1.998248841e1 1.943612309e1 1.893346368e1 1.847021796e1 1.804258036e1 1.764714872e1 1.728084156e1 1.694084321e1 1.662463161e1 1.633000249e1 1.605503091e1 1.579802630e1 1.555747677e1 1.501931312e1 1.455699333e1 1.415586747e1 1.380429456e1 1.349392238e1 1.321880141e1 1.297377310e1 1.275394355e1 1.255457487e1 1.237225925e1 1.220461424e1 1.204956613e1 1.190512306e1 1.176941448e1 1.164145439e1 1.152097404e1 1.140744419e1 1.129985230e1 1.119699809e1 1.109827685e1 1.100325634e1 1.091151668e1 1.082256858e1 1.073581673e1 1.056892711e1 1.041185601e1 1.026241300e1 1.011922244e1 9.980674818e0 9.846627999e0 9.717360323e0 9.591169483e0 9.468424315e0 9.348614959e0 9.232286721e0 9.119267574e0 9.008885172e0 8.901515936e0 8.795863877e0 8.693030744e0 8.592544116e0 8.493744825e0 8.396916947e0 8.301534771e0 7.940375976e0 7.605425448e0 7.292030356e0 6.997174497e0 6.719940725e0 6.457427196e0 6.207469634e0 5.968843540e0 5.739549573e0 5.519106265e0 5.306983517e0 5.103280880e0 4.906638127e0 4.716425204e0 4.532544362e0 4.354435644e0 4.182739247e0 4.016303564e0 3.854986696e0 3.699345514e0 3.548911782e0 3.403920965e0 3.263552263e0 3.128181138e0 2.997837353e0 2.872139647e0 2.751004514e0 2.634127225e0 2.522548137e0 2.414871052e0 2.311267215e0 2.211932378e0 2.116484351e0 2.024842321e0 1.937321118e0 1.853116459e0 1.772545924e0 1.695732533e0 1.622073884e0 1.551348692e0 1.484062348e0 1.419697895e0 1.358043891e0 1.299251965e0 1.242975629e0 1.189377741e0 1.138006370e0 1.089337966e0 1.042833651e0 9.983773926e-1 9.562053929e-1 9.158743016e-1 8.774221834e-1 8.407107144e-1 8.057690029e-1 7.725174226e-1 7.407187501e-1 7.105474767e-1 6.818817825e-1 6.544263527e-1 6.284646384e-1 6.036690091e-1 5.800038504e-1 5.576262710e-1 5.362521710e-1 5.157740118e-1 4.964744649e-1 4.781165915e-1 4.604872799e-1 4.438811346e-1 4.280216765e-1 4.128686446e-1 3.985657137e-1 3.849683497e-1 3.720225748e-1 3.597978116e-1 3.481562426e-1 3.370621238e-1 3.264623354e-1 3.163707268e-1 3.068253434e-1 2.977194368e-1 2.890406395e-1 2.808514058e-1 2.730751266e-1 2.656837784e-1 2.587430199e-1 2.521426658e-1 2.459366191e-1 2.400300447e-1 2.344114128e-1 2.291601604e-1 2.241881367e-1 2.195053440e-1 2.150633419e-1 2.109165028e-1 2.070192046e-1 2.033771861e-1 1.999407403e-1 1.966986060e-1 1.937039308e-1 1.909121573e-1 1.883299510e-1 1.859417874e-1 1.836792063e-1 1.816524625e-1 1.798243741e-1 1.781078301e-1 1.765763834e-1 1.751953186e-1 1.739428430e-1 1.728817207e-1 1.719502262e-1 1.711670468e-1 1.705278017e-1 1.699873114e-1 1.696118347e-1 1.693926980e-1 1.692911307e-1 1.693265013e-1 1.694790657e-1 1.697661625e-1 1.702127922e-1 1.707770843e-1 1.714812268e-1 1.723070533e-1 1.732590119e-1 1.743421779e-1 1.755848512e-1 1.769811476e-1 1.785355574e-1 1.802072893e-1 1.820886602e-1 1.841365832e-1 1.863705364e-1 1.887299280e-1 1.912909006e-1 1.940138871e-1 1.969710502e-1 2.001103944e-1 2.034678650e-1 2.070829060e-1 2.109245278e-1 2.149462694e-1 2.192987288e-1 2.243107272e-1 2.295925539e-1 2.352375665e-1 2.401783922e-1 2.442615940e-1 2.466077390e-1 2.486591103e-1 2.505491655e-1 2.520583719e-1 2.536342178e-1 2.551408503e-1 2.566619377e-1 2.584335582e-1 2.608246268e-1 2.643361130e-1 2.648565049e-1 2.653922416e-1 2.659386551e-1 2.664865655e-1 2.670365846e-1 2.676029731e-1 2.681839016e-1 2.687776741e-1 2.693911638e-1 2.700249854e-1 2.706739709e-1 2.713302460e-1 2.720057373e-1 2.727057136e-1 2.734234687e-1 2.741483569e-1 2.748769620e-1 2.756169117e-1 2.763711927e-1 2.771369319e-1 2.779223232e-1 2.787443849e-1 2.795968493e-1 2.804732232e-1 2.813697306e-1 2.822961119e-1 2.832491892e-1 2.842121014e-1 2.851705998e-1 2.861327097e-1 2.871191896e-1 2.881269123e-1 2.891509543e-1 2.901881038e-1 2.912361284e-1 2.922959937e-1 2.933703851e-1 2.944647557e-1 2.956021480e-1 2.967862798e-1 2.979986388e-1 2.992425739e-1 3.005270303e-1 3.018365012e-1 3.031513569e-1 3.044648239e-1 3.057610492e-1 3.070186877e-1 3.082493515e-1 3.094893789e-1 3.107488442e-1 3.120260291e-1 3.133098997e-1 3.145977287e-1 3.158998004e-1 3.172098144e-1 3.185373891e-1 3.198798338e-1 3.212221340e-1 3.225451821e-1 3.238425756e-1 3.251008148e-1 3.263080195e-1 3.274385834e-1 3.284730745e-1 3.294259120e-1 3.302732192e-1 3.309594768e-1 3.314656630e-1 3.317868529e-1 3.318889176e-1 3.316781421e-1 3.311321780e-1 3.302426079e-1 3.289007557e-1 3.270788599e-1 3.248200333e-1 3.224377407e-1 3.206954020e-1 3.204828149e-1
1.217703740e2 1.213749303e2 1.202806984e2 1.186559541e2 1.166509302e2 1.143834354e2 1.119425435e2 1.093948052e2 1.067897295e2 1.041640594e2 1.015449807e2 9.895250621e1 9.640124111e1 9.390169619e1 9.146126994e1 8.908499004e1 8.677607681e1 8.453637384e1 8.236667786e1 8.026699219e1 7.823672207e1 7.437993077e1 7.078453335e1 6.743593951e1 6.431835564e1 6.141575736e1 5.871246825e1 5.619348335e1 5.384464926e1 5.165276507e1 4.960561447e1 4.769195244e1 4.590146752e1 4.422472074e1 4.265306994e1 4.117859874e1 3.979405386e1 3.849278840e1 3.726871037e1 3.611623535e1 3.503024188e1 3.400603053e1 3.303928526e1 3.212603713e1 3.126263322e1 3.044570936e1 2.967216677e1 2.893915281e1 2.824403891e1 2.758439853e1 2.695798859e1 2.579670814e1 2.474532184e1 2.379098101e1 2.292258998e1 2.213056697e1 2.140662995e1 2.074361494e1 2.013528419e1 1.957615150e1 1.906134877e1 1.858654714e1 1.814791441e1 1.774203871e1 1.736583932e1 1.701650311e1 1.669149705e1 1.638858827e1 1.610580695e1 1.584140845e1 1.559384556e1 1.503975013e1 1.456372777e1 1.415089336e1 1.378938528e1 1.347043641e1 1.318776573e1 1.293610682e1 1.271053393e1 1.250622251e1 1.231967421e1 1.214839456e1 1.199018802e1 1.184301366e1 1.170495374e1 1.157499391e1 1.145281877e1 1.133788751e1 1.122915287e1 1.112535533e1 1.102586299e1 1.093027882e1 1.083816635e1 1.074902907e1 1.066224759e1 1.049552503e1 1.033866961e1 1.018950155e1 1.004667669e1 9.908635321e0 9.775168122e0 9.646609370e0 9.521154707e0 9.399028599e0 9.279774455e0 9.163931200e0 9.051414968e0 8.941497902e0 8.834686622e0 8.729707861e0 8.627400224e0 8.527448880e0 8.429084404e0 8.332640522e0 8.237647213e0 7.878113146e0 7.544507619e0 7.232372529e0 6.938800003e0 6.663214901e0 6.402716125e0 6.154920710e0 5.918649011e0 5.691783870e0 5.473789156e0 5.264288706e0 5.063176279e0 4.868961366e0 4.681110097e0 4.499579225e0 4.323887747e0 4.154579664e0 3.990606680e0 3.831686152e0 3.678425516e0 3.530187104e0 3.387391309e0 3.249087804e0 3.115626781e0 2.987148901e0 2.863177449e0 2.743628492e0 2.628145544e0 2.517891938e0 2.411382911e0 2.308929230e0 2.210634025e0 2.116163045e0 2.025436839e0 1.938765689e0 1.855364457e0 1.775490286e0 1.699265122e0 1.626097907e0 1.555799808e0 1.488857837e0 1.424790797e0 1.363402730e0 1.304880319e0 1.248840867e0 1.195458997e0 1.144312999e0 1.095799019e0 1.049398066e0 1.004998661e0 9.627961739e-1 9.224015510e-1 8.838801016e-1 8.470884771e-1 8.120844756e-1 7.788305783e-1 7.470366292e-1 7.168573818e-1 6.881560392e-1 6.606276220e-1 6.345415071e-1 6.096139329e-1 5.858135128e-1 5.632858989e-1 5.417931638e-1 5.211917364e-1 5.017792052e-1 4.832979590e-1 4.655734643e-1 4.488780420e-1 4.329319932e-1 4.176963067e-1 4.033122869e-1 3.895897157e-1 3.765119009e-1 3.641514334e-1 3.523813805e-1 3.411945165e-1 3.305228678e-1 3.203698693e-1 3.107551841e-1 3.015748026e-1 2.928070012e-1 2.845397537e-1 2.766822146e-1 2.692201910e-1 2.622130119e-1 2.555526609e-1 2.492742362e-1 2.433078494e-1 2.376320728e-1 2.323277501e-1 2.273084217e-1 2.225703834e-1 2.180807418e-1 2.138875480e-1 2.099663642e-1 2.063039208e-1 2.028506998e-1 1.995959382e-1 1.965737945e-1 1.937381961e-1 1.911109470e-1 1.886755851e-1 1.863842254e-1 1.843398109e-1 1.824941401e-1 1.807725825e-1 1.792393678e-1 1.778548172e-1 1.765853723e-1 1.755198029e-1 1.745933581e-1 1.738037918e-1 1.731645927e-1 1.726278960e-1 1.722604409e-1 1.720627512e-1 1.719743781e-1 1.720221055e-1 1.721909338e-1 1.724900383e-1 1.729527448e-1 1.735345191e-1 1.742666060e-1 1.751243188e-1 1.761087122e-1 1.772266017e-1 1.784961808e-1 1.799124636e-1 1.814940068e-1 1.831853514e-1 1.850727620e-1 1.871486281e-1 1.894283543e-1 1.918257195e-1 1.944480246e-1 1.972302565e-1 2.002461755e-1 2.034379722e-1 2.068401267e-1 2.104593399e-1 2.143464841e-1 2.184151676e-1 2.228348808e-1 2.278972949e-1 2.332284936e-1 2.389065014e-1 2.438856548e-1 2.479048732e-1 2.502381723e-1 2.521698345e-1 2.538888770e-1 2.552716379e-1 2.567916252e-1 2.582007979e-1 2.596698590e-1 2.614015905e-1 2.638611818e-1 2.673589683e-1 2.678723168e-1 2.684133629e-1 2.689762154e-1 2.695447203e-1 2.701207846e-1 2.707093799e-1 2.713025923e-1 2.719105382e-1 2.725371593e-1 2.731790862e-1 2.738363782e-1 2.745075909e-1 2.751908416e-1 2.758908528e-1 2.766120307e-1 2.773445496e-1 2.780838843e-1 2.788364834e-1 2.795983997e-1 2.803721625e-1 2.811775029e-1 2.820230571e-1 2.829050901e-1 2.838023999e-1 2.847157606e-1 2.856597669e-1 2.866266971e-1 2.876036195e-1 2.885813673e-1 2.895653676e-1 2.905630589e-1 2.915788329e-1 2.926183197e-1 2.936833364e-1 2.947705172e-1 2.958744376e-1 2.969885271e-1 2.981247632e-1 2.992807005e-1 3.004594107e-1 3.016776924e-1 3.029344519e-1 3.042133571e-1 3.055030168e-1 3.068007232e-1 3.081002002e-1 3.093868597e-1 3.106414011e-1 3.118751018e-1 3.131121883e-1 3.143702854e-1 3.156488735e-1 3.169378031e-1 3.182361794e-1 3.195430202e-1 3.208732386e-1 3.222137051e-1 3.235506519e-1 3.248812665e-1 3.261861784e-1 3.274422486e-1 3.286476161e-1 3.298102713e-1 3.309205910e-1 3.319645834e-1 3.329276091e-1 3.337917288e-1 3.345273488e-1 3.350883469e-1 3.354200491e-1 3.354771649e-1 3.352478289e-1 3.347009129e-1 3.337896574e-1 3.323549096e-1 3.303513806e-1 3.280085220e-1 3.256436714e-1 3.239894324e-1 3.237928377e-1
1.209515847e2 1.205749847e2 1.195301552e2 1.179739230e2 1.160477251e2 1.138634270e2 1.115062459e2 1.090402960e2 1.065135966e2 1.039620274e2 1.014123252e2 9.888432422e1 9.639262791e1 9.394785870e1 9.155759832e1 8.922709943e1 8.695982824e1 8.475788167e1 8.262230980e1 8.055336479e1 7.855069223e1 7.474056828e1 7.118183786e1 6.786138699e1 6.476473719e1 6.187703082e1 5.918360846e1 5.667035040e1 5.432386923e1 5.213160863e1 5.008188574e1 4.816389045e1 4.636765295e1 4.468400055e1 4.310450834e1 4.162144416e1 4.022771189e1 3.891679834e1 3.768272472e1 3.652000162e1 3.542358728e1 3.438884831e1 3.341152209e1 3.248768220e1 3.161370643e1 3.078625113e1 3.000223271e1 2.925881118e1 2.855337234e1 2.788350834e1 2.724699774e1 2.606595662e1 2.499546293e1 2.402271152e1 2.313668964e1 2.232793337e1 2.158824852e1 2.091050330e1 2.028843981e1 1.971651313e1 1.918975995e1 1.870375100e1 1.825455785e1 1.783868370e1 1.745296772e1 1.709454182e1 1.676086887e1 1.644972926e1 1.615916071e1 1.588741870e1 1.563293759e1 1.506320750e1 1.457354641e1 1.414869166e1 1.377671387e1 1.344904331e1 1.315921228e1 1.290148316e1 1.267049321e1 1.246128966e1 1.227035494e1 1.209521882e1 1.193382771e1 1.178410788e1 1.164403990e1 1.151255502e1 1.138916605e1 1.127321006e1 1.116351983e1 1.105887618e1 1.095864635e1 1.086233411e1 1.076958431e1 1.067987449e1 1.059259017e1 1.042542876e1 1.026875126e1 1.011992928e1 9.977380079e0 9.839798799e0 9.706825360e0 9.578784702e0 9.453969039e0 9.332604564e0 9.213948604e0 9.098894025e0 8.987100288e0 8.878129112e0 8.772006032e0 8.667472360e0 8.565877368e0 8.466439930e0 8.368711230e0 8.272845783e0 8.178411371e0 7.820091581e0 7.488575341e0 7.178264557e0 6.886532435e0 6.612715824e0 6.353364374e0 6.107079238e0 5.872292664e0 5.647200769e0 5.431394383e0 5.223607874e0 5.024494262e0 4.832450381e0 4.646997248e0 4.467834564e0 4.294501004e0 4.127594802e0 3.965744535e0 3.809138636e0 3.657764488e0 3.511583699e0 3.370639903e0 3.234050332e0 3.102408577e0 2.975541444e0 2.853235806e0 2.735173238e0 2.621188287e0 2.512281972e0 2.407093819e0 2.305859863e0 2.208518152e0 2.115039391e0 2.025206014e0 1.939391465e0 1.856541205e0 1.777401543e0 1.701739799e0 1.629194034e0 1.559423305e0 1.493012685e0 1.429358808e0 1.368357477e0 1.310054723e0 1.254243294e0 1.201026697e0 1.149944153e0 1.101542123e0 1.055258466e0 1.010913343e0 9.688396782e-1 9.285739425e-1 8.901160509e-1 8.533415824e-1 8.183674945e-1 7.850007553e-1 7.530817200e-1 7.227613036e-1 6.939335561e-1 6.662826925e-1 6.401764932e-1 6.151547411e-1 5.913482163e-1 5.687867843e-1 5.472279577e-1 5.265355854e-1 5.070170678e-1 4.883904710e-1 4.705192611e-1 4.536853428e-1 4.376231810e-1 4.222903011e-1 4.077852691e-1 3.939996010e-1 3.808347710e-1 3.684181476e-1 3.565842037e-1 3.452797481e-1 3.345096746e-1 3.242656693e-1 3.145545609e-1 3.052972708e-1 2.964551803e-1 2.881148544e-1 2.802002218e-1 2.726807332e-1 2.656073583e-1 2.588726780e-1 2.525537221e-1 2.465257493e-1 2.407995069e-1 2.354605192e-1 2.304069466e-1 2.256391961e-1 2.211027761e-1 2.168919489e-1 2.129191406e-1 2.091842484e-1 2.056875337e-1 2.023888293e-1 1.993560266e-1 1.965111907e-1 1.938851222e-1 1.914732524e-1 1.891717935e-1 1.871286686e-1 1.852613601e-1 1.835315053e-1 1.819765497e-1 1.805599525e-1 1.793029887e-1 1.782367043e-1 1.773083433e-1 1.765281612e-1 1.758902289e-1 1.753667672e-1 1.750181621e-1 1.748156502e-1 1.747296257e-1 1.747718898e-1 1.749408519e-1 1.752646113e-1 1.757286756e-1 1.763383794e-1 1.770843393e-1 1.779628121e-1 1.789667238e-1 1.801145584e-1 1.814003302e-1 1.828676241e-1 1.844782202e-1 1.862225358e-1 1.881730817e-1 1.903079966e-1 1.925952111e-1 1.950400073e-1 1.976979668e-1 2.005232964e-1 2.035827165e-1 2.067948557e-1 2.102507895e-1 2.139238372e-1 2.178077482e-1 2.218865060e-1 2.263244629e-1 2.313650882e-1 2.367900978e-1 2.424368739e-1 2.474680409e-1 2.514910969e-1 2.537718648e-1 2.556367543e-1 2.574322426e-1 2.587279985e-1 2.600760353e-1 2.615385670e-1 2.630510188e-1 2.648263673e-1 2.671553497e-1 2.706052263e-1 2.711174214e-1 2.716413450e-1 2.721840149e-1 2.727477457e-1 2.733349435e-1 2.739331990e-1 2.745305348e-1 2.751432947e-1 2.757752381e-1 2.764190528e-1 2.770823489e-1 2.777642820e-1 2.784560298e-1 2.791552573e-1 2.798728278e-1 2.806125582e-1 2.813694127e-1 2.821355748e-1 2.829146315e-1 2.837154024e-1 2.845417720e-1 2.853855538e-1 2.862459377e-1 2.871328112e-1 2.880431298e-1 2.889755228e-1 2.899245664e-1 2.908961576e-1 2.918902145e-1 2.929031962e-1 2.939358998e-1 2.949935807e-1 2.960695572e-1 2.971536777e-1 2.982435702e-1 2.993461679e-1 3.004545738e-1 3.015827289e-1 3.027562386e-1 3.039815465e-1 3.052476582e-1 3.065377367e-1 3.078512041e-1 3.091806359e-1 3.105051352e-1 3.118128939e-1 3.131039619e-1 3.143866459e-1 3.156724105e-1 3.169473511e-1 3.182074372e-1 3.194514246e-1 3.206967763e-1 3.219730805e-1 3.232856705e-1 3.246053356e-1 3.259177163e-1 3.272386097e-1 3.285642432e-1 3.298682059e-1 3.311451129e-1 3.323560873e-1 3.334666777e-1 3.344935979e-1 3.354711129e-1 3.363857530e-1 3.372064219e-1 3.378783234e-1 3.383520438e-1 3.385837384e-1 3.385699742e-1 3.383488249e-1 3.378691907e-1 3.370169443e-1 3.356833867e-1 3.338074611e-1 3.315289574e-1 3.292097861e-1 3.275767047e-1 3.273645760e-1
1.201990594e2 1.198399085e2 1.188409796e2 1.173486289e2 1.154961515e2 1.133898531e2 1.111113115e2 1.087223248e2 1.062694904e2 1.037878638e2 1.013037534e2 9.883682326e1 9.640167324e1 9.400903065e1 9.166665291e1 8.938001316e1 8.715282264e1 8.498743133e1 8.288513777e1 8.084643042e1 7.887117615e1 7.510823961e1 7.158769996e1 6.829768956e1 6.522477373e1 6.235498044e1 5.967442287e1 5.716966961e1 5.482795337e1 5.263727324e1 5.058643358e1 4.866504857e1 4.686351997e1 4.517299777e1 4.358533303e1 4.209302930e1 4.068919946e1 3.936752112e1 3.812218620e1 3.694785354e1 3.583960781e1 3.479292362e1 3.380363309e1 3.286789311e1 3.198215513e1 3.114313736e1 3.034779944e1 2.959332342e1 2.887709880e1 2.819670819e1 2.754991223e1 2.634895424e1 2.525938108e1 2.426845736e1 2.336523449e1 2.254025337e1 2.178531292e1 2.109324882e1 2.045774734e1 1.987318908e1 1.933455481e1 1.883734802e1 1.837754342e1 1.795154703e1 1.755614759e1 1.718850947e1 1.684612766e1 1.652675462e1 1.622837706e1 1.594920328e1 1.568764265e1 1.510181378e1 1.459853626e1 1.416204819e1 1.377983486e1 1.344312713e1 1.314538506e1 1.288068608e1 1.264335256e1 1.242870504e1 1.223334326e1 1.205461058e1 1.189020252e1 1.173773763e1 1.159525763e1 1.146174438e1 1.133656351e1 1.121891127e1 1.110753679e1 1.100142478e1 1.089996204e1 1.080274669e1 1.070932244e1 1.061890713e1 1.053110193e1 1.036399212e1 1.020767771e1 1.005872023e1 9.916155727e0 9.778445261e0 9.645762646e0 9.517764330e0 9.393560898e0 9.273051975e0 9.155289205e0 9.040951984e0 8.929762081e0 8.821427641e0 8.715409724e0 8.611345664e0 8.510362091e0 8.411303946e0 8.313980100e0 8.218176631e0 8.124191554e0 7.766797079e0 7.436434734e0 7.126895194e0 6.836495911e0 6.564152808e0 6.305673694e0 6.060554313e0 5.827420329e0 5.603836427e0 5.390552354e0 5.185054814e0 4.987036300e0 4.797625150e0 4.614388564e0 4.437243708e0 4.266248863e0 4.101070077e0 3.941500046e0 3.786910319e0 3.637355495e0 3.492925642e0 3.354214439e0 3.219427370e0 3.089359768e0 2.964080765e0 2.843612780e0 2.726903325e0 2.614400428e0 2.506455841e0 2.402511943e0 2.302307180e0 2.205951815e0 2.113436588e0 2.024446589e0 1.939357655e0 1.857423376e0 1.778832179e0 1.703870668e0 1.631731342e0 1.562412746e0 1.496401574e0 1.433036203e0 1.372453579e0 1.314392419e0 1.258897883e0 1.205989119e0 1.155129154e0 1.106949160e0 1.060747619e0 1.016529775e0 9.743581720e-1 9.340670862e-1 8.956213586e-1 8.587421600e-1 8.238213706e-1 7.904740030e-1 7.585325674e-1 7.282762371e-1 6.994901826e-1 6.718051390e-1 6.456325832e-1 6.205439048e-1 5.965743321e-1 5.738252828e-1 5.522086232e-1 5.314238219e-1 5.118451266e-1 4.930987837e-1 4.752210178e-1 4.583456199e-1 4.422244483e-1 4.267820089e-1 4.121634975e-1 3.983033440e-1 3.849863399e-1 3.724497172e-1 3.605527883e-1 3.491434602e-1 3.383172010e-1 3.280266624e-1 3.182593104e-1 3.089522351e-1 3.000661494e-1 2.916511214e-1 2.836508040e-1 2.760491337e-1 2.688995963e-1 2.621458253e-1 2.557712274e-1 2.496915176e-1 2.439335727e-1 2.385435083e-1 2.334274873e-1 2.286065551e-1 2.240518760e-1 2.198026159e-1 2.157918846e-1 2.120611733e-1 2.085669429e-1 2.052730677e-1 2.022115954e-1 1.993558338e-1 1.966761293e-1 1.942081445e-1 1.919048626e-1 1.898277161e-1 1.879311658e-1 1.862203600e-1 1.846640313e-1 1.832430549e-1 1.820358144e-1 1.809836300e-1 1.800529191e-1 1.792597324e-1 1.785766209e-1 1.780758738e-1 1.777624092e-1 1.775473621e-1 1.774847474e-1 1.775480733e-1 1.777506837e-1 1.780965528e-1 1.785959911e-1 1.792314377e-1 1.799821873e-1 1.808847249e-1 1.819299456e-1 1.831182745e-1 1.844544601e-1 1.859320449e-1 1.875266357e-1 1.893311830e-1 1.913081515e-1 1.935001252e-1 1.958048797e-1 1.983293447e-1 2.010284385e-1 2.038825100e-1 2.069428004e-1 2.102257217e-1 2.137088165e-1 2.174234408e-1 2.213461989e-1 2.255126977e-1 2.300473012e-1 2.350187869e-1 2.405875088e-1 2.461057201e-1 2.512720337e-1 2.551550457e-1 2.574222156e-1 2.591681604e-1 2.607588113e-1 2.621203446e-1 2.632524816e-1 2.646831096e-1 2.660893961e-1 2.679827943e-1 2.703587540e-1 2.737534348e-1 2.742904036e-1 2.748369433e-1 2.754019843e-1 2.759913222e-1 2.766070083e-1 2.772477443e-1 2.779043026e-1 2.785687059e-1 2.792398168e-1 2.799163761e-1 2.805981453e-1 2.812848654e-1 2.819820104e-1 2.827000385e-1 2.834429139e-1 2.842058469e-1 2.849906139e-1 2.857961571e-1 2.866241684e-1 2.874724663e-1 2.883399957e-1 2.892215635e-1 2.901047707e-1 2.909838639e-1 2.918604549e-1 2.927570943e-1 2.936953261e-1 2.946745118e-1 2.956860288e-1 2.967250213e-1 2.977824983e-1 2.988601994e-1 2.999616085e-1 3.010895957e-1 3.022423246e-1 3.034100214e-1 3.045788130e-1 3.057437279e-1 3.069143354e-1 3.080894302e-1 3.092719907e-1 3.104827316e-1 3.117318998e-1 3.130152198e-1 3.143363488e-1 3.156878186e-1 3.170633964e-1 3.184504695e-1 3.198484955e-1 3.212472395e-1 3.226389119e-1 3.239988239e-1 3.253148058e-1 3.266016339e-1 3.278807110e-1 3.291586359e-1 3.304236328e-1 3.316693842e-1 3.329167367e-1 3.341945226e-1 3.355098747e-1 3.368017062e-1 3.380254411e-1 3.391565360e-1 3.401857548e-1 3.410770230e-1 3.418245949e-1 3.424209017e-1 3.427885675e-1 3.429211631e-1 3.428267467e-1 3.425011750e-1 3.418826142e-1 3.408977768e-1 3.394530728e-1 3.374959972e-1 3.351356381e-1 3.328034450e-1 3.312525512e-1 3.311320129e-1
1.194095756e2 1.190668226e2 1.181112490e2 1.166796280e2 1.148977118e2 1.128665906e2 1.106643726e2 1.083505975e2 1.059704286e2 1.035580466e2 1.011392635e2 9.873350141e1 9.635528949e1 9.401539839e1 9.172170297e1 8.947983990e1 8.729371207e1 8.516587725e1 8.309784900e1 8.109033063e1 7.914339794e1 7.542929002e1 7.194835607e1 6.868999643e1 6.564186766e1 6.279094593e1 6.012418806e1 5.762892846e1 5.529309136e1 5.310528836e1 5.105485671e1 4.913185940e1 4.732706505e1 4.563192150e1 4.403852327e1 4.253957435e1 4.112834744e1 3.979864313e1 3.854475348e1 3.736142845e1 3.624384117e1 3.518755022e1 3.418846396e1 3.324280898e1 3.234710162e1 3.149812246e1 3.069289195e1 2.992864487e1 2.920280881e1 2.851298782e1 2.785695029e1 2.663807731e1 2.553134636e1 2.452401296e1 2.360509140e1 2.276506736e1 2.199566899e1 2.128966553e1 2.064069536e1 2.004314078e1 1.949201011e1 1.898284077e1 1.851160046e1 1.807464413e1 1.766873048e1 1.729101646e1 1.693900528e1 1.661048665e1 1.630348543e1 1.601623448e1 1.574714077e1 1.514471790e1 1.462777785e1 1.417996660e1 1.378827231e1 1.344344546e1 1.313856402e1 1.286751234e1 1.262443347e1 1.240472406e1 1.220488184e1 1.202217580e1 1.185416500e1 1.169836201e1 1.155301512e1 1.141717779e1 1.129008300e1 1.117059365e1 1.105738374e1 1.094955919e1 1.084650586e1 1.074779131e1 1.065298630e1 1.056156630e1 1.047340305e1 1.030667751e1 1.014991098e1 1.000069117e1 9.857991286e0 9.720410721e0 9.588389517e0 9.461056643e0 9.337407306e0 9.216948510e0 9.099112555e0 8.985717695e0 8.875608466e0 8.767812526e0 8.662103710e0 8.558410761e0 8.457664560e0 8.358827469e0 8.261853219e0 8.166286234e0 8.072880960e0 7.717965937e0 7.388486867e0 7.079500182e0 6.792356012e0 6.520375988e0 6.262292383e0 6.018288057e0 5.786166541e0 5.563982789e0 5.351974811e0 5.147872826e0 4.951587168e0 4.764058534e0 4.582929068e0 4.408127178e0 4.238951045e0 4.075309995e0 3.917823997e0 3.765044447e0 3.617522471e0 3.474509156e0 3.337186454e0 3.204386409e0 3.075737753e0 2.951842942e0 2.832933268e0 2.717861007e0 2.606453045e0 2.499758644e0 2.396888177e0 2.298151199e0 2.202766471e0 2.111128698e0 2.023138051e0 1.938682759e0 1.857437208e0 1.779584849e0 1.705067603e0 1.633462435e0 1.564648625e0 1.499215893e0 1.436245605e0 1.376029584e0 1.318350387e0 1.263037986e0 1.210461533e0 1.159775383e0 1.111659785e0 1.065455594e0 1.021402891e0 9.792752655e-1 9.391232312e-1 9.009177516e-1 8.640265193e-1 8.292160348e-1 7.958111921e-1 7.638892866e-1 7.335215346e-1 7.045706818e-1 6.768677312e-1 6.505973170e-1 6.254320084e-1 6.015304326e-1 5.787520277e-1 5.570048143e-1 5.362629111e-1 5.165893948e-1 4.977164903e-1 4.798148857e-1 4.628140293e-1 4.465865087e-1 4.310847982e-1 4.163602555e-1 4.024230764e-1 3.890265419e-1 3.764006219e-1 3.644328978e-1 3.529430772e-1 3.421247538e-1 3.317816041e-1 3.218828614e-1 3.124450638e-1 3.035245248e-1 2.950886575e-1 2.869933030e-1 2.793828249e-1 2.722088488e-1 2.653871399e-1 2.589539968e-1 2.528282480e-1 2.470361273e-1 2.415826516e-1 2.364376752e-1 2.315543604e-1 2.270159867e-1 2.227357700e-1 2.187124246e-1 2.149323427e-1 2.113541841e-1 2.080655277e-1 2.050028396e-1 2.021187308e-1 1.994572180e-1 1.969561964e-1 1.946863416e-1 1.926248088e-1 1.907259374e-1 1.890003304e-1 1.874159395e-1 1.860206706e-1 1.848267143e-1 1.837651604e-1 1.828382276e-1 1.820459223e-1 1.813992624e-1 1.809269587e-1 1.805746930e-1 1.803702886e-1 1.803322739e-1 1.803888373e-1 1.806163874e-1 1.809957774e-1 1.815089140e-1 1.821458695e-1 1.829338972e-1 1.838278175e-1 1.848960962e-1 1.861152494e-1 1.874830224e-1 1.890122195e-1 1.906925393e-1 1.925188600e-1 1.945386862e-1 1.967467794e-1 1.991366390e-1 2.016765913e-1 2.044029090e-1 2.073055016e-1 2.103829089e-1 2.136817976e-1 2.172181771e-1 2.210042603e-1 2.249520275e-1 2.291110813e-1 2.336504352e-1 2.385610313e-1 2.440669227e-1 2.496149830e-1 2.549329025e-1 2.586291604e-1 2.612321759e-1 2.628809802e-1 2.643877985e-1 2.657842656e-1 2.667573199e-1 2.680998979e-1 2.695684859e-1 2.715329386e-1 2.742490165e-1 2.776987721e-1 2.781976801e-1 2.787080985e-1 2.792374147e-1 2.797940518e-1 2.803720281e-1 2.809612218e-1 2.815638685e-1 2.821893557e-1 2.828365984e-1 2.835022156e-1 2.841903759e-1 2.849054487e-1 2.856539233e-1 2.864274701e-1 2.872137080e-1 2.880058277e-1 2.887922395e-1 2.895736394e-1 2.903651681e-1 2.911752658e-1 2.920098587e-1 2.928671943e-1 2.937492238e-1 2.946591213e-1 2.955868486e-1 2.965242922e-1 2.974810471e-1 2.984696669e-1 2.994863354e-1 3.005278166e-1 3.015926986e-1 3.026830672e-1 3.037858571e-1 3.048928860e-1 3.060124505e-1 3.071566376e-1 3.083363715e-1 3.095411172e-1 3.107472776e-1 3.119568109e-1 3.131730261e-1 3.143928585e-1 3.156254270e-1 3.168808688e-1 3.181668518e-1 3.194812095e-1 3.208013060e-1 3.221283827e-1 3.234727011e-1 3.248349678e-1 3.262037532e-1 3.275844060e-1 3.289976467e-1 3.304355809e-1 3.318642214e-1 3.332420537e-1 3.345648997e-1 3.358500259e-1 3.371137806e-1 3.383547752e-1 3.395682737e-1 3.407259234e-1 3.418086020e-1 3.427931240e-1 3.436897406e-1 3.444995513e-1 3.452048072e-1 3.457699983e-1 3.461566511e-1 3.463381835e-1 3.462976213e-1 3.459830690e-1 3.453314787e-1 3.443044997e-1 3.428481696e-1 3.409360569e-1 3.387199524e-1 3.365296962e-1 3.350716665e-1 3.349764743e-1
1.187096590e2 1.183818990e2 1.174660214e2 1.160900484e2 1.143727874e2 1.124105063e2 1.102781047e2 1.080330359e2 1.057191406e2 1.033697946e2 1.010103544e2 9.866002515e1 9.633327936e1 9.404093450e1 9.179097614e1 8.958919067e1 8.743965359e1 8.534510794e1 8.330725865e1 8.132700331e1 7.940461402e1 7.573222301e1 7.228448041e1 6.905227072e1 6.602456908e1 6.318944285e1 6.053470019e1 5.804831866e1 5.571871268e1 5.353488525e1 5.148649726e1 4.956388789e1 4.775806816e1 4.606070016e1 4.446406907e1 4.296104632e1 4.154504672e1 4.020998943e1 3.895026626e1 3.776070928e1 3.663655509e1 3.557340956e1 3.456721491e1 3.361422111e1 3.271096137e1 3.185422760e1 3.104104969e1 3.026868022e1 2.953458080e1 2.883640448e1 2.817197527e1 2.693640377e1 2.581328681e1 2.478998009e1 2.385554708e1 2.300051081e1 2.221659745e1 2.149657768e1 2.083411739e1 2.022363822e1 1.966015902e1 1.913920194e1 1.865676890e1 1.820930588e1 1.779364077e1 1.740693644e1 1.704664183e1 1.671045564e1 1.639630002e1 1.610229942e1 1.582676896e1 1.520918549e1 1.467774857e1 1.421647202e1 1.381331194e1 1.345875595e1 1.314492975e1 1.286514801e1 1.261413819e1 1.238754301e1 1.218173807e1 1.199382300e1 1.182106648e1 1.166130523e1 1.151299658e1 1.137487270e1 1.124566313e1 1.112388009e1 1.100856712e1 1.089911848e1 1.079498734e1 1.069567991e1 1.060045542e1 1.050884855e1 1.042075771e1 1.025413701e1 1.009699781e1 9.947676498e0 9.804676947e0 9.667688446e0 9.536729179e0 9.409590113e0 9.285963609e0 9.165838964e0 9.049803591e0 8.937420275e0 8.827228540e0 8.719486064e0 8.613690375e0 8.510797828e0 8.410504803e0 8.312114689e0 8.215608328e0 8.120337701e0 8.027399822e0 7.673403952e0 7.343769590e0 7.036747555e0 6.748677179e0 6.477277216e0 6.220677366e0 5.977810271e0 5.746913302e0 5.526726630e0 5.315429917e0 5.113511274e0 4.919184763e0 4.732908015e0 4.553044625e0 4.379556481e0 4.212413898e0 4.050455406e0 3.894548973e0 3.743867913e0 3.597861829e0 3.456667198e0 3.320844880e0 3.189693389e0 3.062964057e0 2.940324817e0 2.822641559e0 2.708864684e0 2.598952824e0 2.493066648e0 2.391336646e0 2.293407329e0 2.199093066e0 2.108472900e0 2.021225870e0 1.937400760e0 1.857166242e0 1.779923110e0 1.705762974e0 1.634863797e0 1.566555397e0 1.501478143e0 1.438851283e0 1.378877329e0 1.321412508e0 1.266533311e0 1.214129363e0 1.163884709e0 1.115830178e0 1.069879381e0 1.025922725e0 9.838757440e-1 9.437178370e-1 9.055877644e-1 8.688603192e-1 8.339777592e-1 8.005081971e-1 7.687026922e-1 7.383368573e-1 7.093473214e-1 6.816837180e-1 6.552944176e-1 6.301341029e-1 6.061872688e-1 5.832490504e-1 5.614675129e-1 5.407419409e-1 5.209288662e-1 5.020731426e-1 4.841392540e-1 4.670311187e-1 4.507275517e-1 4.351564243e-1 4.204429522e-1 4.064334749e-1 3.929781956e-1 3.802548494e-1 3.681312622e-1 3.565426174e-1 3.456787910e-1 3.352575987e-1 3.252703336e-1 3.158570289e-1 3.069105935e-1 2.983607753e-1 2.902842346e-1 2.826266689e-1 2.753946207e-1 2.685001083e-1 2.619593067e-1 2.558469238e-1 2.500602132e-1 2.445752267e-1 2.393803950e-1 2.345082424e-1 2.299510884e-1 2.256140200e-1 2.215583086e-1 2.177431291e-1 2.141591912e-1 2.108540653e-1 2.077924962e-1 2.049129430e-1 2.021991734e-1 1.997297567e-1 1.974590607e-1 1.953515662e-1 1.934189102e-1 1.916891757e-1 1.901173947e-1 1.887448973e-1 1.875636062e-1 1.865092457e-1 1.855833554e-1 1.847900359e-1 1.841807523e-1 1.837207599e-1 1.833995604e-1 1.832218693e-1 1.831588328e-1 1.832385094e-1 1.835070225e-1 1.839127259e-1 1.844354984e-1 1.851300048e-1 1.859144177e-1 1.868772359e-1 1.879529381e-1 1.891995375e-1 1.905956933e-1 1.921444878e-1 1.938440314e-1 1.957399366e-1 1.977936222e-1 2.000404932e-1 2.024166275e-1 2.050229080e-1 2.077797951e-1 2.107800490e-1 2.138954767e-1 2.172415682e-1 2.208550571e-1 2.246239117e-1 2.285198500e-1 2.327772798e-1 2.374050872e-1 2.422568259e-1 2.476483380e-1 2.536671996e-1 2.586991314e-1 2.621886193e-1 2.648824651e-1 2.666872596e-1 2.681659487e-1 2.691740984e-1 2.701236870e-1 2.712709614e-1 2.726377406e-1 2.744355178e-1 2.771282757e-1 2.808256703e-1 2.813517043e-1 2.818940392e-1 2.824578330e-1 2.830376393e-1 2.836371095e-1 2.842485826e-1 2.848667509e-1 2.854918755e-1 2.861275993e-1 2.867871806e-1 2.874772050e-1 2.881963805e-1 2.889400200e-1 2.897018173e-1 2.904798342e-1 2.912805157e-1 2.921137360e-1 2.929701942e-1 2.938372839e-1 2.947095974e-1 2.955912825e-1 2.964844400e-1 2.973919301e-1 2.983166105e-1 2.992626492e-1 3.002430015e-1 3.012633779e-1 3.023195216e-1 3.033944734e-1 3.044641528e-1 3.055321725e-1 3.066204558e-1 3.077318571e-1 3.088722268e-1 3.100421454e-1 3.112388665e-1 3.124648363e-1 3.137114031e-1 3.149690321e-1 3.162379567e-1 3.175117801e-1 3.187748904e-1 3.200340739e-1 3.213068205e-1 3.226009269e-1 3.239039317e-1 3.252128189e-1 3.265192760e-1 3.278256682e-1 3.291405637e-1 3.304733333e-1 3.318218227e-1 3.331622131e-1 3.344649081e-1 3.357334163e-1 3.369658039e-1 3.381719211e-1 3.393685730e-1 3.405719191e-1 3.417898361e-1 3.429915154e-1 3.441464711e-1 3.452235268e-1 3.462251405e-1 3.471533908e-1 3.479790525e-1 3.486740356e-1 3.491928289e-1 3.495299114e-1 3.496901151e-1 3.496781865e-1 3.494636386e-1 3.489554010e-1 3.480536465e-1 3.466843445e-1 3.448324636e-1 3.426554791e-1 3.405435717e-1 3.392023105e-1 3.391360293e-1
1.181110712e2 1.177975774e2 1.169196726e2 1.155972859e2 1.139426878e2 1.120475161e2 1.099835259e2 1.078060832e2 1.055576735e2 1.032708210e2 1.009703795e2 9.867529331e1 9.639993993e1 9.415515729e1 9.194903053e1 8.978749688e1 8.767481333e1 8.561392018e1 8.360672507e1 8.165432591e1 7.975718697e1 7.612818946e1 7.271542074e1 6.951087521e1 6.650450296e1 6.368525142e1 6.104172616e1 5.856261489e1 5.623694793e1 5.405424747e1 5.200460591e1 5.007872120e1 4.826791058e1 4.656410163e1 4.495980823e1 4.344810155e1 4.202257894e1 4.067732696e1 3.940688068e1 3.820618579e1 3.707056808e1 3.599570783e1 3.497761622e1 3.401261278e1 3.309730237e1 3.222855129e1 3.140346541e1 3.061936935e1 2.987378699e1 2.916442323e1 2.848914666e1 2.723305656e1 2.609119001e1 2.505101404e1 2.410151918e1 2.323304506e1 2.243710906e1 2.170620462e1 2.103364468e1 2.041351086e1 1.984060041e1 1.931033831e1 1.881869221e1 1.836210174e1 1.793740375e1 1.754178708e1 1.717274505e1 1.682801399e1 1.650554573e1 1.620349801e1 1.592019046e1 1.528412775e1 1.473584566e1 1.426033891e1 1.384584153e1 1.348216625e1 1.316030071e1 1.287317066e1 1.261566288e1 1.238355864e1 1.217299180e1 1.198043979e1 1.180316674e1 1.163942491e1 1.148788934e1 1.134714010e1 1.121548875e1 1.109170713e1 1.097494416e1 1.086434629e1 1.075912884e1 1.065847623e1 1.056195882e1 1.046949477e1 1.038088810e1 1.021297212e1 1.005429849e1 9.904077089e0 9.760394981e0 9.623531135e0 9.492179178e0 9.365064171e0 9.242166007e0 9.122241168e0 9.006376905e0 8.893723353e0 8.783627861e0 8.675847270e0 8.570095354e0 8.467467287e0 8.366901132e0 8.268154749e0 8.171112543e0 8.076285203e0 7.984073376e0 7.630705184e0 7.302810054e0 6.997361693e0 6.709832209e0 6.439046547e0 6.183659625e0 5.941146823e0 5.710156768e0 5.491245964e0 5.281833207e0 5.080980844e0 4.888096262e0 4.702073581e0 4.523792096e0 4.351876437e0 4.185711848e0 4.025486022e0 3.871066177e0 3.722208250e0 3.577941370e0 3.438692546e0 3.304107207e0 3.174581745e0 3.049099463e0 2.927796902e0 2.811014866e0 2.698737218e0 2.590210993e0 2.485051316e0 2.384846967e0 2.287946283e0 2.194432552e0 2.104970619e0 2.018677517e0 1.935367384e0 1.856125577e0 1.779400082e0 1.705752356e0 1.635389417e0 1.567776977e0 1.502960629e0 1.440872091e0 1.381347805e0 1.324387267e0 1.269863247e0 1.217640646e0 1.167658215e0 1.119646239e0 1.073861863e0 1.030003278e0 9.881100264e-1 9.480496233e-1 9.098512251e-1 8.733392356e-1 8.385106462e-1 8.051385217e-1 7.734834922e-1 7.429403502e-1 7.140335072e-1 6.863732770e-1 6.598064857e-1 6.346345775e-1 6.106682103e-1 5.875510110e-1 5.657967944e-1 5.450139941e-1 5.250885955e-1 5.062896974e-1 4.882793454e-1 4.710056778e-1 4.547761272e-1 4.392036990e-1 4.243024850e-1 4.102884395e-1 3.967852719e-1 3.840120309e-1 3.718193247e-1 3.602146165e-1 3.492193456e-1 3.387136195e-1 3.286954669e-1 3.192159404e-1 3.101571266e-1 3.015635801e-1 2.934496222e-1 2.857602803e-1 2.784904016e-1 2.715337271e-1 2.650032484e-1 2.588470755e-1 2.530038850e-1 2.475157999e-1 2.422646062e-1 2.373599940e-1 2.327352638e-1 2.284050874e-1 2.243308015e-1 2.205150632e-1 2.169572855e-1 2.136126942e-1 2.105392974e-1 2.076304509e-1 2.049621713e-1 2.024780327e-1 2.001659966e-1 1.980792586e-1 1.961740974e-1 1.944131624e-1 1.928852301e-1 1.915331429e-1 1.903005567e-1 1.892374098e-1 1.883127332e-1 1.875692074e-1 1.869723612e-1 1.865101114e-1 1.862007042e-1 1.860322013e-1 1.860256479e-1 1.861804164e-1 1.864668220e-1 1.868908541e-1 1.874222751e-1 1.880741132e-1 1.888954195e-1 1.898832822e-1 1.910196308e-1 1.922961615e-1 1.937336556e-1 1.953213765e-1 1.971011536e-1 1.990475167e-1 2.011197156e-1 2.033743840e-1 2.057809750e-1 2.083405568e-1 2.111202529e-1 2.141699484e-1 2.173769120e-1 2.208230212e-1 2.244692319e-1 2.282987678e-1 2.322615028e-1 2.366932247e-1 2.412945218e-1 2.461103350e-1 2.514931863e-1 2.573913556e-1 2.621931139e-1 2.659289993e-1 2.686144308e-1 2.706244266e-1 2.718944291e-1 2.730467941e-1 2.742257024e-1 2.751503666e-1 2.764100031e-1 2.784553541e-1 2.809990253e-1 2.844743579e-1 2.849878549e-1 2.855149741e-1 2.860556162e-1 2.866092353e-1 2.871741076e-1 2.877490106e-1 2.883406431e-1 2.889590255e-1 2.896092415e-1 2.902950770e-1 2.910155252e-1 2.917495259e-1 2.924924731e-1 2.932512347e-1 2.940241885e-1 2.948118151e-1 2.956150278e-1 2.964380257e-1 2.972832975e-1 2.981468250e-1 2.990275548e-1 2.999323959e-1 3.008694814e-1 3.018415935e-1 3.028486556e-1 3.038876103e-1 3.049536965e-1 3.060433252e-1 3.071468103e-1 3.082503545e-1 3.093559334e-1 3.104718919e-1 3.116080096e-1 3.127550562e-1 3.139069238e-1 3.150754337e-1 3.162794057e-1 3.175190490e-1 3.187865688e-1 3.200728540e-1 3.213613836e-1 3.226491811e-1 3.239472457e-1 3.252685039e-1 3.266212893e-1 3.279855252e-1 3.293510678e-1 3.307333233e-1 3.321384829e-1 3.335711713e-1 3.350225717e-1 3.364534617e-1 3.378495939e-1 3.392021479e-1 3.405002875e-1 3.417453780e-1 3.429544401e-1 3.441434225e-1 3.453230505e-1 3.464928353e-1 3.476435534e-1 3.487651322e-1 3.498361237e-1 3.508539180e-1 3.518058354e-1 3.526558759e-1 3.533619318e-1 3.538953494e-1 3.542344740e-1 3.543364126e-1 3.541739426e-1 3.537057701e-1 3.529260012e-1 3.518122417e-1 3.502856476e-1 3.483069774e-1 3.460381771e-1 3.438896996e-1 3.424647810e-1 3.423507563e-1
1.175788124e2 1.172783374e2 1.164351117e2 1.151616725e2 1.135643043e2 1.117304119e2 1.097288803e2 1.076131754e2 1.054245587e2 1.031947974e2 1.009483084e2 9.870381691e1 9.647562990e1 9.427461250e1 9.210893861e1 8.998467162e1 8.790621652e1 8.587667362e1 8.389811621e1 8.197180921e1 8.009838184e1 7.651029601e1 7.313072158e1 6.995268110e1 6.696701920e1 6.416347158e1 6.153135128e1 5.905998633e1 5.673897987e1 5.455835309e1 5.250862796e1 5.058087738e1 4.876673934e1 4.705840497e1 4.544860052e1 4.393056903e1 4.249804754e1 4.114523862e1 3.986677989e1 3.865771291e1 3.751345173e1 3.642975495e1 3.540270154e1 3.442866718e1 3.350430103e1 3.262650171e1 3.179239585e1 3.099931986e1 3.024480333e1 2.952655407e1 2.884244351e1 2.756885701e1 2.640976642e1 2.535271616e1 2.438679186e1 2.350235478e1 2.269085536e1 2.194473938e1 2.125735675e1 2.062287000e1 2.003616209e1 1.949273794e1 1.898862372e1 1.852028656e1 1.808458277e1 1.767870547e1 1.730012908e1 1.694654858e1 1.661583518e1 1.630603170e1 1.601536532e1 1.536252251e1 1.480005158e1 1.431272231e1 1.388792182e1 1.351470176e1 1.318408257e1 1.288899493e1 1.262384283e1 1.238427819e1 1.216665167e1 1.196801951e1 1.178623981e1 1.161946494e1 1.146575349e1 1.132297179e1 1.118948075e1 1.106399283e1 1.094549734e1 1.083312568e1 1.072602539e1 1.062371425e1 1.052593807e1 1.043247133e1 1.034285084e1 1.017286151e1 1.001292080e1 9.860833499e0 9.715939656e0 9.579121178e0 9.447952116e0 9.321151987e0 9.197810634e0 9.078095765e0 8.962504391e0 8.849742348e0 8.739802905e0 8.631901986e0 8.526778661e0 8.424320668e0 8.324204261e0 8.226595035e0 8.130577024e0 8.037210058e0 7.945650597e0 7.593805036e0 7.265669960e0 6.960070199e0 6.673589555e0 6.403490372e0 6.148247530e0 5.906395846e0 5.676939025e0 5.458851405e0 5.250404939e0 5.050685677e0 4.858996490e0 4.674229646e0 4.496942171e0 4.326195888e0 4.160953922e0 4.002369379e0 3.848966686e0 3.701454158e0 3.558955795e0 3.421024734e0 3.287518887e0 3.159418486e0 3.035558102e0 2.915738235e0 2.799883251e0 2.688798119e0 2.581549530e0 2.477792305e0 2.378225800e0 2.282050436e0 2.189529197e0 2.100749306e0 2.015352349e0 1.933190726e0 1.854396586e0 1.778362932e0 1.705467662e0 1.635914035e0 1.568769081e0 1.503988569e0 1.442564208e0 1.383356972e0 1.326773327e0 1.272165871e0 1.220182149e0 1.170563592e0 1.122602456e0 1.077267946e0 1.033513618e0 9.919697111e-1 9.520441325e-1 9.140140494e-1 8.775333016e-1 8.425716298e-1 8.093716811e-1 7.776006249e-1 7.469953931e-1 7.180654690e-1 6.904226349e-1 6.639604420e-1 6.387692198e-1 6.147964996e-1 5.918151716e-1 5.700272313e-1 5.491043650e-1 5.291449774e-1 5.102490376e-1 4.921408932e-1 4.747789711e-1 4.584128233e-1 4.428124838e-1 4.278793537e-1 4.137929824e-1 4.004164060e-1 3.875338599e-1 3.753451165e-1 3.637010352e-1 3.525942231e-1 3.420525976e-1 3.320247933e-1 3.224703915e-1 3.133767965e-1 3.047461899e-1 2.966111232e-1 2.888288802e-1 2.814222804e-1 2.744814345e-1 2.679196216e-1 2.617274931e-1 2.558754810e-1 2.503508276e-1 2.451361411e-1 2.402140496e-1 2.355925648e-1 2.312232876e-1 2.271147317e-1 2.232661154e-1 2.196912185e-1 2.163595362e-1 2.131751269e-1 2.103013826e-1 2.076672029e-1 2.052005124e-1 2.029173595e-1 2.008206189e-1 1.988977897e-1 1.971822719e-1 1.956246482e-1 1.942323735e-1 1.930004712e-1 1.918975355e-1 1.910327925e-1 1.903223409e-1 1.897541339e-1 1.893477187e-1 1.890327651e-1 1.888928465e-1 1.889073936e-1 1.890652853e-1 1.893451462e-1 1.897584526e-1 1.903330674e-1 1.910715742e-1 1.919486844e-1 1.929573459e-1 1.941154305e-1 1.954095323e-1 1.968946297e-1 1.985171356e-1 2.003046909e-1 2.022471940e-1 2.043920229e-1 2.066621711e-1 2.091454259e-1 2.118427358e-1 2.147467193e-1 2.177676583e-1 2.210335828e-1 2.244418946e-1 2.279773779e-1 2.317956097e-1 2.358722023e-1 2.401989050e-1 2.447655975e-1 2.497828154e-1 2.553183697e-1 2.611709590e-1 2.662374516e-1 2.698093507e-1 2.725549045e-1 2.742319938e-1 2.754990703e-1 2.765794698e-1 2.774743415e-1 2.784155510e-1 2.799202628e-1 2.822468093e-1 2.850457523e-1 2.886270198e-1 2.891490482e-1 2.896992665e-1 2.902714349e-1 2.908523811e-1 2.914403385e-1 2.920412794e-1 2.926595338e-1 2.932904473e-1 2.939312852e-1 2.945942116e-1 2.952818594e-1 2.959936611e-1 2.967279875e-1 2.974827390e-1 2.982574112e-1 2.990471101e-1 2.998500091e-1 3.006790520e-1 3.015345512e-1 3.024062816e-1 3.032955321e-1 3.042126641e-1 3.051679688e-1 3.061615617e-1 3.071916320e-1 3.082482023e-1 3.093270830e-1 3.104271045e-1 3.115308746e-1 3.126341460e-1 3.137419684e-1 3.148632910e-1 3.160056030e-1 3.171713662e-1 3.183491726e-1 3.195409948e-1 3.207454076e-1 3.219541161e-1 3.231683808e-1 3.244039298e-1 3.256633225e-1 3.269546440e-1 3.282760967e-1 3.296135656e-1 3.309582717e-1 3.323036555e-1 3.336529456e-1 3.350080783e-1 3.363564289e-1 3.376924490e-1 3.390139259e-1 3.403301793e-1 3.416476741e-1 3.429652444e-1 3.442989640e-1 3.456563685e-1 3.470152378e-1 3.483685401e-1 3.497112124e-1 3.510003714e-1 3.522339966e-1 3.534369604e-1 3.546267736e-1 3.558004766e-1 3.568835940e-1 3.578013718e-1 3.585224110e-1 3.590353363e-1 3.593298679e-1 3.593461189e-1 3.590640989e-1 3.584976747e-1 3.576142596e-1 3.563272866e-1 3.546196489e-1 3.525913249e-1 3.503629055e-1 3.482137379e-1 3.467968236e-1 3.467068660e-1
1.170909993e2 1.168030650e2 1.159934345e2 1.147677570e2 1.132266436e2 1.114534164e2 1.095141472e2 1.074604053e2 1.053321961e2 1.031604752e2 1.009691545e2 9.877666460e1 9.659716192e1 9.444146098e1 9.231775594e1 9.023218017e1 8.818924303e1 8.619217240e1 8.424318410e1 8.234369454e1 8.049448942e1 7.694769873e1 7.360093450e1 7.044841536e1 6.748207500e1 6.469260067e1 6.207010553e1 5.960457588e1 5.728615349e1 5.510530761e1 5.305294485e1 5.112047336e1 4.929983168e1 4.758349315e1 4.596445389e1 4.443621160e1 4.299273857e1 4.162845058e1 4.033817330e1 3.911710927e1 3.796080928e1 3.686514564e1 3.582628608e1 3.484066937e1 3.390498432e1 3.301615252e1 3.217131295e1 3.136780618e1 3.060315810e1 2.987506441e1 2.918137604e1 2.788932315e1 2.671249217e1 2.563823595e1 2.465553312e1 2.375475533e1 2.292747263e1 2.216628337e1 2.146464782e1 2.081677987e1 2.021754632e1 1.966237150e1 1.914717463e1 1.866831849e1 1.822253554e1 1.780688443e1 1.741874932e1 1.705582633e1 1.671607022e1 1.639765294e1 1.609892939e1 1.542871904e1 1.485207325e1 1.435228629e1 1.391578982e1 1.353207868e1 1.319290601e1 1.289132219e1 1.262108699e1 1.237690605e1 1.215517582e1 1.195347132e1 1.176949161e1 1.160066016e1 1.144452751e1 1.129933279e1 1.116365916e1 1.103628192e1 1.091595708e1 1.080163422e1 1.069284185e1 1.058938517e1 1.049095179e1 1.039674317e1 1.030599865e1 1.013394602e1 9.973478233e0 9.821858427e0 9.678626935e0 9.542025781e0 9.410360470e0 9.283247096e0 9.160018973e0 9.041582847e0 8.926641186e0 8.814622578e0 8.704881885e0 8.597826500e0 8.494328006e0 8.392885346e0 8.293508726e0 8.195594144e0 8.099639725e0 8.005934211e0 7.913688459e0 7.560285836e0 7.233399389e0 6.927499315e0 6.640627857e0 6.371254430e0 6.116689967e0 5.875425805e0 5.646282152e0 5.427903684e0 5.219782672e0 5.020522309e0 4.829452016e0 4.646151168e0 4.470054739e0 4.301028297e0 4.137872653e0 3.980724034e0 3.828378696e0 3.681941946e0 3.540939664e0 3.404505310e0 3.272584468e0 3.145009274e0 3.022542280e0 2.904221258e0 2.789490791e0 2.679439327e0 2.573157189e0 2.470936487e0 2.371841257e0 2.277006231e0 2.185329071e0 2.097064925e0 2.012469701e0 1.931130327e0 1.852365780e0 1.777298041e0 1.704833523e0 1.635520083e0 1.568969025e0 1.504743103e0 1.443540971e0 1.384706995e0 1.328446612e0 1.274392731e0 1.222400698e0 1.172956383e0 1.125530362e0 1.080172135e0 1.036649768e0 9.951350766e-1 9.552734247e-1 9.171547720e-1 8.808557117e-1 8.458497435e-1 8.127800737e-1 7.809851652e-1 7.508098218e-1 7.217213976e-1 6.941456993e-1 6.677793654e-1 6.425478564e-1 6.184601581e-1 5.955961613e-1 5.736001091e-1 5.525941754e-1 5.326560092e-1 5.136142297e-1 4.955896097e-1 4.783336368e-1 4.619804415e-1 4.463334563e-1 4.313156945e-1 4.171023596e-1 4.035558808e-1 3.906491124e-1 3.784879626e-1 3.668785889e-1 3.556940434e-1 3.451957633e-1 3.351659123e-1 3.255602223e-1 3.164355880e-1 3.077245529e-1 2.995091477e-1 2.917278011e-1 2.843504150e-1 2.774041967e-1 2.708277251e-1 2.645589945e-1 2.586305451e-1 2.530587598e-1 2.478406116e-1 2.429339299e-1 2.382381311e-1 2.338824408e-1 2.298240423e-1 2.259743838e-1 2.223765650e-1 2.189975096e-1 2.159189066e-1 2.130039736e-1 2.103248699e-1 2.078387779e-1 2.055156209e-1 2.034317619e-1 2.015650070e-1 1.998591113e-1 1.983382919e-1 1.969585109e-1 1.957613038e-1 1.947472492e-1 1.938678490e-1 1.931273111e-1 1.925341568e-1 1.920702441e-1 1.918200735e-1 1.917478869e-1 1.917779416e-1 1.919505762e-1 1.922558812e-1 1.927086294e-1 1.933098548e-1 1.940878701e-1 1.950084998e-1 1.960543417e-1 1.972311556e-1 1.985661088e-1 2.000589143e-1 2.017194776e-1 2.035524915e-1 2.055503509e-1 2.077448014e-1 2.101097547e-1 2.125867874e-1 2.152781355e-1 2.182240016e-1 2.213193847e-1 2.246118567e-1 2.280261285e-1 2.316391245e-1 2.354430545e-1 2.395664198e-1 2.438666668e-1 2.484490913e-1 2.534879817e-1 2.589546264e-1 2.645453375e-1 2.697417166e-1 2.737532263e-1 2.760151066e-1 2.776382599e-1 2.790115323e-1 2.798730222e-1 2.806588764e-1 2.819905042e-1 2.833054327e-1 2.850638785e-1 2.874495365e-1 2.911784535e-1 2.917298033e-1 2.922932819e-1 2.928700424e-1 2.934744401e-1 2.941095365e-1 2.947702127e-1 2.954508525e-1 2.961434106e-1 2.968491622e-1 2.975748154e-1 2.983171136e-1 2.990750567e-1 2.998494409e-1 3.006362538e-1 3.014365487e-1 3.022565892e-1 3.031048439e-1 3.039836662e-1 3.048938416e-1 3.058249836e-1 3.067623414e-1 3.077047317e-1 3.086647282e-1 3.096439988e-1 3.106366571e-1 3.116444649e-1 3.126751826e-1 3.137375871e-1 3.148323770e-1 3.159564666e-1 3.170969455e-1 3.182432723e-1 3.193909494e-1 3.205451198e-1 3.217062242e-1 3.228800018e-1 3.240869561e-1 3.253367433e-1 3.266327097e-1 3.279679724e-1 3.293292514e-1 3.306969014e-1 3.320561724e-1 3.334070675e-1 3.347566126e-1 3.361194218e-1 3.375084419e-1 3.389092678e-1 3.402951858e-1 3.416498045e-1 3.429626071e-1 3.442428567e-1 3.455048771e-1 3.467740844e-1 3.480677201e-1 3.493826714e-1 3.507010610e-1 3.520077941e-1 3.532927033e-1 3.545451121e-1 3.557312390e-1 3.568384202e-1 3.578456709e-1 3.587588769e-1 3.595944551e-1 3.603559413e-1 3.610153042e-1 3.615080344e-1 3.618077160e-1 3.618746802e-1 3.616502370e-1 3.611035354e-1 3.602101537e-1 3.589520944e-1 3.573533980e-1 3.554183300e-1 3.532184492e-1 3.511171133e-1 3.497877351e-1 3.497184596e-1
1.164324791e2 1.161561963e2 1.153778590e2 1.141968059e2 1.127084120e2 1.109922085e2 1.091116394e2 1.071164939e2 1.050455964e2 1.029291398e2 1.007905671e2 9.864804789e1 9.651562367e1 9.440409545e1 9.232171085e1 9.027469907e1 8.826768978e1 8.630404292e1 8.438610934e1 8.251543791e1 8.069294121e1 7.719371056e1 7.388741408e1 7.076903972e1 6.783120101e1 6.506519976e1 6.246171651e1 6.001125749e1 5.770445012e1 5.553222949e1 5.348593925e1 5.155738380e1 4.973885223e1 4.802311989e1 4.640343301e1 4.487348812e1 4.342741015e1 4.205973174e1 4.076537368e1 3.953962274e1 3.837810795e1 3.727677553e1 3.623186268e1 3.523987141e1 3.429754389e1 3.340184292e1 3.254993628e1 3.173918376e1 3.096712563e1 3.023147151e1 2.953008817e1 2.822231447e1 2.702945868e1 2.593905213e1 2.494023433e1 2.402353162e1 2.318065250e1 2.240429237e1 2.168799562e1 2.102605035e1 2.041338559e1 1.984545959e1 1.931820470e1 1.882798741e1 1.837155542e1 1.794600640e1 1.754875957e1 1.717750690e1 1.683016637e1 1.650484073e1 1.619979731e1 1.551581782e1 1.492711246e1 1.441606066e1 1.396927904e1 1.357626293e1 1.322844769e1 1.291862279e1 1.264084805e1 1.239057265e1 1.216408149e1 1.195813858e1 1.176973392e1 1.159636643e1 1.143597823e1 1.128687839e1 1.114768622e1 1.101696757e1 1.089363853e1 1.077719023e1 1.066723806e1 1.056320394e1 1.046417218e1 1.036940275e1 1.027835135e1 1.010596489e1 9.943935502e0 9.791558793e0 9.647742751e0 9.510277912e0 9.378489738e0 9.251157671e0 9.128573344e0 9.009644996e0 8.894046570e0 8.781805255e0 8.671898626e0 8.565522807e0 8.461652780e0 8.359859411e0 8.259838632e0 8.161812521e0 8.066408322e0 7.972614277e0 7.880349205e0 7.529377728e0 7.202306841e0 6.896784074e0 6.611056752e0 6.341908321e0 6.087443269e0 5.846105194e0 5.617008172e0 5.398865723e0 5.191271694e0 4.992848255e0 4.802830118e0 4.620452900e0 4.445259043e0 4.276820949e0 4.115282593e0 3.958698870e0 3.808202405e0 3.662646965e0 3.522851967e0 3.387708721e0 3.256945743e0 3.130353838e0 3.008997944e0 2.891844520e0 2.778545822e0 2.669036514e0 2.564031127e0 2.462659765e0 2.364507844e0 2.270562421e0 2.180105411e0 2.092489307e0 2.008621649e0 1.927853745e0 1.849930972e0 1.775437077e0 1.703461986e0 1.634376289e0 1.568449710e0 1.505053178e0 1.443893748e0 1.385580892e0 1.329409938e0 1.276068893e0 1.224447148e0 1.175239096e0 1.128040026e0 1.082557711e0 1.039411969e0 9.977423894e-1 9.581406923e-1 9.201695912e-1 8.841349923e-1 8.493763782e-1 8.161399959e-1 7.844302074e-1 7.543993217e-1 7.251834788e-1 6.976939072e-1 6.712607294e-1 6.460254185e-1 6.219248721e-1 5.990164195e-1 5.769552143e-1 5.562181994e-1 5.362706593e-1 5.171443434e-1 4.991506332e-1 4.818905256e-1 4.653253953e-1 4.496690244e-1 4.348042635e-1 4.204113400e-1 4.068971922e-1 3.939865555e-1 3.816346803e-1 3.699629116e-1 3.588557979e-1 3.482173297e-1 3.380896672e-1 3.284063026e-1 3.193289662e-1 3.106813095e-1 3.024535161e-1 2.946541556e-1 2.873057959e-1 2.803203684e-1 2.736276843e-1 2.673708577e-1 2.614687745e-1 2.558463233e-1 2.505702217e-1 2.455834011e-1 2.409466754e-1 2.365801951e-1 2.324897050e-1 2.286328295e-1 2.250460034e-1 2.217187543e-1 2.186064711e-1 2.156846146e-1 2.129747808e-1 2.104612354e-1 2.082186691e-1 2.061760296e-1 2.042698205e-1 2.025566422e-1 2.009896628e-1 1.996843684e-1 1.985249274e-1 1.975213229e-1 1.966549088e-1 1.959059694e-1 1.953536010e-1 1.949916559e-1 1.947610038e-1 1.946643902e-1 1.946664956e-1 1.948568263e-1 1.952218334e-1 1.957176515e-1 1.963611536e-1 1.971625108e-1 1.980474301e-1 1.991157641e-1 2.003459985e-1 2.017663682e-1 2.033158440e-1 2.050325410e-1 2.068885060e-1 2.089282367e-1 2.110905559e-1 2.134495900e-1 2.159533895e-1 2.187141924e-1 2.216343020e-1 2.247550559e-1 2.280420893e-1 2.315970549e-1 2.353431853e-1 2.392837509e-1 2.433578837e-1 2.477417003e-1 2.523928987e-1 2.572296038e-1 2.624860862e-1 2.685447949e-1 2.734404042e-1 2.772466185e-1 2.799713856e-1 2.815207665e-1 2.828310253e-1 2.837711349e-1 2.844696241e-1 2.853416180e-1 2.867712466e-1 2.886677110e-1 2.914775114e-1 2.951956548e-1 2.957185440e-1 2.962585400e-1 2.968126644e-1 2.973808890e-1 2.979569462e-1 2.985462612e-1 2.991579913e-1 2.997992067e-1 3.004730340e-1 3.011738098e-1 3.018988771e-1 3.026544192e-1 3.034427134e-1 3.042622231e-1 3.051059071e-1 3.059741667e-1 3.068676142e-1 3.077793130e-1 3.087024171e-1 3.096364550e-1 3.105851281e-1 3.115522863e-1 3.125471941e-1 3.135722154e-1 3.146165247e-1 3.156670781e-1 3.167188992e-1 3.177799559e-1 3.188565020e-1 3.199448857e-1 3.210462801e-1 3.221608977e-1 3.232987506e-1 3.244723825e-1 3.256810812e-1 3.269328497e-1 3.282259184e-1 3.295485832e-1 3.308959386e-1 3.322641701e-1 3.336492811e-1 3.350389902e-1 3.364233392e-1 3.377944559e-1 3.391562292e-1 3.405103962e-1 3.418636620e-1 3.432376350e-1 3.446395495e-1 3.460538465e-1 3.474711325e-1 3.488830790e-1 3.502760680e-1 3.516365859e-1 3.529539100e-1 3.542330284e-1 3.554848534e-1 3.567139024e-1 3.579351868e-1 3.591481119e-1 3.603399728e-1 3.614981564e-1 3.625895798e-1 3.635741401e-1 3.644304646e-1 3.651504209e-1 3.657498369e-1 3.662531848e-1 3.666444484e-1 3.668440766e-1 3.667746527e-1 3.663473225e-1 3.655140654e-1 3.642808286e-1 3.626382287e-1 3.606081255e-1 3.584353166e-1 3.564601909e-1 3.552361113e-1 3.552156785e-1
1.159249761e2 1.156594632e2 1.149100873e2 1.137703728e2 1.123308381e2 1.106674761e2 1.088412648e2 1.069003121e2 1.048823199e2 1.028167532e2 1.007266033e2 9.862977916e1 9.654019484e1 9.446861451e1 9.242331191e1 9.041058674e1 8.843517067e1 8.650054770e1 8.460920749e1 8.276284648e1 8.096252861e1 7.750186223e1 7.422736148e1 7.113505969e1 6.821847919e1 6.546969696e1 6.288004243e1 6.044056091e1 5.814232794e1 5.597664791e1 5.393516785e1 5.200993490e1 5.019342356e1 4.847854766e1 4.685865855e1 4.532753492e1 4.387937106e1 4.250876274e1 4.121068916e1 3.998049221e1 3.881385326e1 3.770676935e1 3.665553020e1 3.565669556e1 3.470707415e1 3.380370486e1 3.294383880e1 3.212492178e1 3.134457672e1 3.060058804e1 2.989088915e1 2.856677018e1 2.735822963e1 2.625297419e1 2.524018788e1 2.431035280e1 2.345506076e1 2.266685931e1 2.193915251e1 2.126613591e1 2.064270347e1 2.006434076e1 1.952704943e1 1.902728111e1 1.856185918e1 1.812789755e1 1.772275597e1 1.734401475e1 1.698944578e1 1.665699620e1 1.634480627e1 1.564259706e1 1.503584402e1 1.450811095e1 1.404650359e1 1.364031380e1 1.328028399e1 1.295929904e1 1.267199755e1 1.241383036e1 1.218042456e1 1.196769190e1 1.177273117e1 1.159348654e1 1.142824446e1 1.127525385e1 1.113271166e1 1.099938910e1 1.087449568e1 1.075727023e1 1.064658970e1 1.054132749e1 1.044074403e1 1.034435246e1 1.025181955e1 1.007646227e1 9.912948790e0 9.760445350e0 9.615906556e0 9.477464722e0 9.344349346e0 9.217380312e0 9.095847802e0 8.977958066e0 8.863138613e0 8.750666786e0 8.641422823e0 8.535207796e0 8.431218641e0 8.329325648e0 8.228897839e0 8.131418570e0 8.036415421e0 7.942998600e0 7.851099721e0 7.501355503e0 7.174922546e0 6.870740270e0 6.583934835e0 6.313524298e0 6.059608463e0 5.818163771e0 5.589245813e0 5.372762681e0 5.165542708e0 4.967573897e0 4.778915331e0 4.597274835e0 4.422610860e0 4.254929961e0 4.093176842e0 3.938016932e0 3.788479236e0 3.644184995e0 3.504802363e0 3.370859167e0 3.241280162e0 3.116490532e0 2.995909296e0 2.879488642e0 2.767268779e0 2.658956107e0 2.554776659e0 2.454237645e0 2.357376134e0 2.263529099e0 2.173674738e0 2.087181546e0 2.003805291e0 1.923568177e0 1.846747035e0 1.772652773e0 1.701786726e0 1.633214422e0 1.567707682e0 1.504786009e0 1.444281496e0 1.386116162e0 1.330449109e0 1.277140013e0 1.225871005e0 1.176766894e0 1.129913072e0 1.084811096e0 1.041772372e0 1.000578311e0 9.611406447e-1 9.231819777e-1 8.870923481e-1 8.526189125e-1 8.193739362e-1 7.877381979e-1 7.574390311e-1 7.285431569e-1 7.008656595e-1 6.745096343e-1 6.493427383e-1 6.253504341e-1 6.023534656e-1 5.804077867e-1 5.595138537e-1 5.395338605e-1 5.205085757e-1 5.023390078e-1 4.850486053e-1 4.684646136e-1 4.527496329e-1 4.378278700e-1 4.235240273e-1 4.100438159e-1 3.970796026e-1 3.846590794e-1 3.729971758e-1 3.618194306e-1 3.511245518e-1 3.410223552e-1 3.313582636e-1 3.221476079e-1 3.134481957e-1 3.052174281e-1 2.974273611e-1 2.899834557e-1 2.829118365e-1 2.762977802e-1 2.700505342e-1 2.641679892e-1 2.585235966e-1 2.532686803e-1 2.483124633e-1 2.436637044e-1 2.392921361e-1 2.351103756e-1 2.312843412e-1 2.276857303e-1 2.243026731e-1 2.211819508e-1 2.182444421e-1 2.155765061e-1 2.131567296e-1 2.109134961e-1 2.088559010e-1 2.069151538e-1 2.052243806e-1 2.037214073e-1 2.023576955e-1 2.011553888e-1 2.001517569e-1 1.993110803e-1 1.986712023e-1 1.981757154e-1 1.978003788e-1 1.975535289e-1 1.974711917e-1 1.975771835e-1 1.978150441e-1 1.981634270e-1 1.986530121e-1 1.993051341e-1 2.001033936e-1 2.010723412e-1 2.022147987e-1 2.035159721e-1 2.049454117e-1 2.064894091e-1 2.082341911e-1 2.101580874e-1 2.122003990e-1 2.144354687e-1 2.168566096e-1 2.194597260e-1 2.222505187e-1 2.251776757e-1 2.282949811e-1 2.315924056e-1 2.351311717e-1 2.388544312e-1 2.427558572e-1 2.468349724e-1 2.512550722e-1 2.558694864e-1 2.607748534e-1 2.664980585e-1 2.723222514e-1 2.773910266e-1 2.807909279e-1 2.834612033e-1 2.855260411e-1 2.865233923e-1 2.873680912e-1 2.882569198e-1 2.890264646e-1 2.905573862e-1 2.929734907e-1 2.957573663e-1 2.992591876e-1 2.997939156e-1 3.003471812e-1 3.009174466e-1 3.015165558e-1 3.021390665e-1 3.027804524e-1 3.034396695e-1 3.041097482e-1 3.047933924e-1 3.054930078e-1 3.062049431e-1 3.069338964e-1 3.076834335e-1 3.084540109e-1 3.092468175e-1 3.100697938e-1 3.109289716e-1 3.118187739e-1 3.127365038e-1 3.136819907e-1 3.146530050e-1 3.156534706e-1 3.166919865e-1 3.177562166e-1 3.188252569e-1 3.198957457e-1 3.209784069e-1 3.220770381e-1 3.231944844e-1 3.243465177e-1 3.255358638e-1 3.267451105e-1 3.279615150e-1 3.291886021e-1 3.304369558e-1 3.317188134e-1 3.330263937e-1 3.343363864e-1 3.356457202e-1 3.369672301e-1 3.383107234e-1 3.396822381e-1 3.410737873e-1 3.424759109e-1 3.438821836e-1 3.452730458e-1 3.466469556e-1 3.480105625e-1 3.493684217e-1 3.507310179e-1 3.520980458e-1 3.534462016e-1 3.547668378e-1 3.560714359e-1 3.573864417e-1 3.587299418e-1 3.600759600e-1 3.613906812e-1 3.626472856e-1 3.638179602e-1 3.648999989e-1 3.659092488e-1 3.668756337e-1 3.677964756e-1 3.686610239e-1 3.694125060e-1 3.700129730e-1 3.704459925e-1 3.706805809e-1 3.706810681e-1 3.704103096e-1 3.698340389e-1 3.689571030e-1 3.677325532e-1 3.660959040e-1 3.640481550e-1 3.617807424e-1 3.596627212e-1 3.583285084e-1 3.582507441e-1
1.155188651e2 1.152636087e2 1.145419170e2 1.134418990e2 1.120494944e2 1.104373273e2 1.086640080e2 1.067760173e2 1.048099591e2 1.027945733e2 1.007523904e2 9.870104497e1 9.665430584e1 9.462288249e1 9.261505660e1 9.063717853e1 8.869405904e1 8.678927968e1 8.492543917e1 8.310434923e1 8.132719104e1 7.790697183e1 7.466582959e1 7.160063894e1 6.870570436e1 6.597381909e1 6.339696252e1 6.096675038e1 5.867473057e1 5.651258701e1 5.447227669e1 5.254611800e1 5.072684139e1 4.900760713e1 4.738200168e1 4.584402808e1 4.438809234e1 4.300898566e1 4.170186205e1 4.046221380e1 3.928584777e1 3.816886457e1 3.710763681e1 3.609878695e1 3.513916651e1 3.422583925e1 3.335606851e1 3.252730628e1 3.173718058e1 3.098348129e1 3.026414544e1 2.892096619e1 2.769359608e1 2.656966827e1 2.553835139e1 2.459020489e1 2.371699131e1 2.291149348e1 2.216735957e1 2.147895910e1 2.084125271e1 2.024971848e1 1.970029501e1 1.918930590e1 1.871339256e1 1.826948171e1 1.785479906e1 1.746687304e1 1.710350117e1 1.676271722e1 1.644275372e1 1.572363215e1 1.510292882e1 1.456302409e1 1.408992967e1 1.367323611e1 1.330503529e1 1.297842646e1 1.268695480e1 1.242479525e1 1.218750293e1 1.197165453e1 1.177428084e1 1.159274457e1 1.142471531e1 1.126866381e1 1.112366859e1 1.098874533e1 1.086260441e1 1.074385564e1 1.063153231e1 1.052483225e1 1.042304111e1 1.032546853e1 1.023145510e1 1.005369158e1 9.889533272e0 9.736263080e0 9.591517832e0 9.453285168e0 9.320851032e0 9.193845086e0 9.070632743e0 8.951379722e0 8.835487192e0 8.723225431e0 8.614275452e0 8.508096606e0 8.404904947e0 8.303487855e0 8.204685403e0 8.107938170e0 8.012688515e0 7.919111378e0 7.826968875e0 7.476684087e0 7.151020704e0 6.845300880e0 6.557790981e0 6.288470403e0 6.034624142e0 5.794283941e0 5.566609382e0 5.349093271e0 5.141709209e0 4.943631539e0 4.754912927e0 4.574033043e0 4.400388991e0 4.233442375e0 4.072783751e0 3.918915462e0 3.770230966e0 3.626706004e0 3.488626724e0 3.355483859e0 3.227254262e0 3.103017696e0 2.983329709e0 2.867980493e0 2.756621071e0 2.649117505e0 2.545157185e0 2.445956911e0 2.350031411e0 2.257385026e0 2.168272261e0 2.082504174e0 1.999814790e0 1.920566925e0 1.843875177e0 1.770313287e0 1.699812629e0 1.631957104e0 1.566415284e0 1.503932367e0 1.443918488e0 1.386157110e0 1.330860598e0 1.277753757e0 1.226867616e0 1.177843845e0 1.131265276e0 1.086510175e0 1.043458829e0 1.002532444e0 9.631666956e-1 9.254901385e-1 8.893532699e-1 8.548801131e-1 8.219304301e-1 7.902888100e-1 7.601435967e-1 7.314051808e-1 7.037187554e-1 6.774779619e-1 6.522867191e-1 6.281703029e-1 6.053488268e-1 5.834647362e-1 5.623761563e-1 5.424802967e-1 5.235130271e-1 5.051870137e-1 4.879412707e-1 4.714382140e-1 4.556229345e-1 4.406575652e-1 4.263764297e-1 4.127325098e-1 3.998564532e-1 3.875579404e-1 3.757912897e-1 3.645667427e-1 3.538625056e-1 3.437638658e-1 3.341124133e-1 3.248886292e-1 3.161874453e-1 3.079012144e-1 3.000005690e-1 2.925972027e-1 2.855451827e-1 2.789218982e-1 2.726174692e-1 2.666326053e-1 2.610828556e-1 2.558426165e-1 2.509032729e-1 2.461918749e-1 2.418002483e-1 2.376791233e-1 2.338287518e-1 2.302225129e-1 2.268338030e-1 2.237333274e-1 2.208512168e-1 2.182020912e-1 2.157699678e-1 2.134490329e-1 2.113924702e-1 2.095740232e-1 2.078679345e-1 2.063725319e-1 2.050443333e-1 2.038672333e-1 2.029150640e-1 2.020943771e-1 2.014313877e-1 2.009181160e-1 2.005067974e-1 2.003059456e-1 2.002900359e-1 2.004107196e-1 2.006773510e-1 2.010676960e-1 2.016083430e-1 2.023268376e-1 2.031715741e-1 2.041848841e-1 2.053277325e-1 2.066062298e-1 2.080268887e-1 2.096375673e-1 2.114335142e-1 2.133856710e-1 2.154486875e-1 2.177402369e-1 2.202093791e-1 2.228713226e-1 2.256543237e-1 2.286624047e-1 2.318365124e-1 2.352251744e-1 2.387689103e-1 2.425049778e-1 2.464700126e-1 2.506100280e-1 2.548573322e-1 2.593971241e-1 2.646918403e-1 2.701305993e-1 2.758721638e-1 2.809975545e-1 2.850942131e-1 2.870660110e-1 2.885654413e-1 2.898338382e-1 2.905773935e-1 2.915395624e-1 2.926121449e-1 2.937574869e-1 2.953404206e-1 2.977980429e-1 3.018243427e-1 3.024403243e-1 3.030775298e-1 3.037302210e-1 3.043919458e-1 3.050610740e-1 3.057522113e-1 3.064722136e-1 3.072153495e-1 3.079732808e-1 3.087461423e-1 3.095300501e-1 3.103181519e-1 3.111223092e-1 3.119537000e-1 3.128104657e-1 3.136803977e-1 3.145571253e-1 3.154412027e-1 3.163407968e-1 3.172634725e-1 3.182095389e-1 3.191794091e-1 3.201735188e-1 3.211983925e-1 3.222581763e-1 3.233541129e-1 3.244863127e-1 3.256391814e-1 3.267996510e-1 3.279652525e-1 3.291431776e-1 3.303378174e-1 3.315420696e-1 3.327456640e-1 3.339472541e-1 3.351543178e-1 3.363757713e-1 3.376155612e-1 3.388903390e-1 3.402168051e-1 3.415973777e-1 3.430231639e-1 3.444784401e-1 3.459430513e-1 3.473942488e-1 3.488165266e-1 3.502003760e-1 3.515530564e-1 3.528895641e-1 3.542217123e-1 3.555645695e-1 3.569203323e-1 3.582677480e-1 3.595942907e-1 3.609104880e-1 3.622261942e-1 3.635428492e-1 3.648530403e-1 3.661509050e-1 3.674336448e-1 3.686913090e-1 3.698806664e-1 3.709590853e-1 3.719164342e-1 3.727485944e-1 3.734568560e-1 3.740220151e-1 3.744047264e-1 3.745700183e-1 3.744901866e-1 3.741341458e-1 3.734284719e-1 3.723704428e-1 3.710039061e-1 3.693068040e-1 3.672624407e-1 3.649729059e-1 3.628470653e-1 3.615880825e-1 3.615645541e-1
1.150743404e2 1.148287365e2 1.141331721e2 1.130707471e2 1.117231314e2 1.101597845e2 1.084370770e2 1.065999398e2 1.046839219e2 1.027170589e2 1.007214235e2 9.871436779e1 9.670950201e1 9.471746425e1 9.274652622e1 9.080307105e1 8.889197068e1 8.701688547e1 8.518050358e1 8.338473294e1 8.163085550e1 7.825149722e1 7.504430838e1 7.200696995e1 6.913453392e1 6.642045904e1 6.385730232e1 6.143718958e1 5.915213611e1 5.699426033e1 5.495592183e1 5.302980432e1 5.120896062e1 4.948683081e1 4.785724673e1 4.631442733e1 4.485296264e1 4.346779221e1 4.215418401e1 4.090771721e1 3.972426734e1 3.859998929e1 3.753129771e1 3.651484768e1 3.554751846e1 3.462639843e1 3.374877108e1 3.291210253e1 3.211403011e1 3.135235103e1 3.062501075e1 2.926580098e1 2.802252525e1 2.688307507e1 2.583686675e1 2.487460164e1 2.398806124e1 2.316996786e1 2.241387159e1 2.171404783e1 2.106537038e1 2.046323170e1 1.990350979e1 1.938251928e1 1.889694661e1 1.844379516e1 1.802035085e1 1.762416404e1 1.725301832e1 1.690489577e1 1.657795795e1 1.584267961e1 1.520744123e1 1.465483738e1 1.417114016e1 1.374527894e1 1.336820564e1 1.303234410e1 1.273165708e1 1.246121039e1 1.221676833e1 1.199467023e1 1.179161575e1 1.160501562e1 1.143303113e1 1.127402247e1 1.112626817e1 1.098808610e1 1.085839205e1 1.073636224e1 1.062126707e1 1.051230665e1 1.040853058e1 1.030940737e1 1.021478280e1 1.003764877e1 9.872838608e0 9.717937064e0 9.570960442e0 9.431172200e0 9.298130515e0 9.169928320e0 9.046074455e0 8.926454385e0 8.811476756e0 8.700239739e0 8.591462087e0 8.485101747e0 8.380801550e0 8.279521626e0 8.180819027e0 8.083895923e0 7.988711228e0 7.894708006e0 7.803095184e0 7.453480249e0 7.126937622e0 6.822438519e0 6.536129577e0 6.266139514e0 6.010990219e0 5.770494897e0 5.542257403e0 5.325595604e0 5.118416155e0 4.921640295e0 4.732940584e0 4.552857841e0 4.379665603e0 4.213210548e0 4.053720269e0 3.899761705e0 3.751830920e0 3.609409171e0 3.471721248e0 3.339018124e0 3.211702049e0 3.088914689e0 2.970388824e0 2.855795627e0 2.745620101e0 2.639316276e0 2.536525931e0 2.437333364e0 2.342107290e0 2.250295149e0 2.161872767e0 2.076847198e0 1.994685853e0 1.915749072e0 1.840230033e0 1.767276146e0 1.697106858e0 1.629876976e0 1.565012987e0 1.503063028e0 1.443288729e0 1.385878592e0 1.330717603e0 1.277953140e0 1.227561033e0 1.179068168e0 1.132492124e0 1.087998753e0 1.045286222e0 1.004242570e0 9.649796717e-1 9.276426982e-1 8.915579566e-1 8.572466053e-1 8.242165268e-1 7.927653205e-1 7.627385496e-1 7.340037200e-1 7.065058810e-1 6.801543798e-1 6.550514208e-1 6.310966697e-1 6.080465128e-1 5.861614666e-1 5.653086378e-1 5.453542890e-1 5.263254457e-1 5.082210095e-1 4.908871105e-1 4.743739029e-1 4.585390351e-1 4.435807422e-1 4.293397518e-1 4.155875190e-1 4.026242981e-1 3.902413445e-1 3.783961729e-1 3.672970395e-1 3.566129580e-1 3.463462377e-1 3.367219990e-1 3.275244899e-1 3.187338241e-1 3.104407889e-1 3.026218522e-1 2.952344363e-1 2.881718975e-1 2.814836224e-1 2.752292548e-1 2.692918012e-1 2.636676134e-1 2.583229461e-1 2.533429901e-1 2.487074854e-1 2.442982393e-1 2.402074205e-1 2.363580779e-1 2.327547648e-1 2.294166855e-1 2.263416883e-1 2.234624353e-1 2.207208268e-1 2.182702358e-1 2.160194545e-1 2.139515919e-1 2.120823661e-1 2.104221106e-1 2.089353643e-1 2.076406340e-1 2.065611316e-1 2.055971055e-1 2.047740337e-1 2.041164834e-1 2.036602338e-1 2.033521562e-1 2.031823257e-1 2.031726115e-1 2.032631872e-1 2.035048887e-1 2.039607099e-1 2.045333161e-1 2.052680148e-1 2.061780120e-1 2.072045129e-1 2.084182529e-1 2.097472316e-1 2.112447225e-1 2.128941042e-1 2.146930057e-1 2.166428906e-1 2.187895955e-1 2.211090969e-1 2.236156868e-1 2.262412501e-1 2.291002576e-1 2.321171261e-1 2.353612130e-1 2.386987136e-1 2.422818153e-1 2.461185465e-1 2.500663390e-1 2.540790374e-1 2.585558125e-1 2.633690596e-1 2.683036601e-1 2.737792302e-1 2.799066146e-1 2.849706868e-1 2.882760038e-1 2.908965757e-1 2.925083853e-1 2.936535253e-1 2.943868619e-1 2.951057443e-1 2.961203207e-1 2.976409519e-1 2.995254802e-1 3.025472290e-1 3.066231930e-1 3.072008811e-1 3.077939282e-1 3.084085297e-1 3.090444603e-1 3.097034188e-1 3.103819885e-1 3.110838707e-1 3.118056243e-1 3.125397118e-1 3.132803918e-1 3.140307528e-1 3.147978070e-1 3.155900376e-1 3.164148217e-1 3.172757063e-1 3.181703904e-1 3.190965852e-1 3.200501333e-1 3.210263174e-1 3.220109431e-1 3.229876547e-1 3.239588753e-1 3.249365327e-1 3.259237160e-1 3.269352215e-1 3.279835215e-1 3.290700133e-1 3.301875302e-1 3.313312012e-1 3.325055779e-1 3.337128297e-1 3.349475808e-1 3.362035577e-1 3.374772421e-1 3.387668676e-1 3.400665795e-1 3.413701755e-1 3.426805981e-1 3.440005913e-1 3.453239220e-1 3.466521816e-1 3.479991872e-1 3.493621502e-1 3.507232132e-1 3.520660151e-1 3.533953113e-1 3.547215759e-1 3.560555505e-1 3.574041885e-1 3.587710857e-1 3.601553569e-1 3.615435648e-1 3.629092006e-1 3.642309685e-1 3.655058941e-1 3.667400307e-1 3.679569477e-1 3.691756740e-1 3.703977133e-1 3.716036645e-1 3.727664144e-1 3.738564422e-1 3.748705192e-1 3.757867849e-1 3.765447003e-1 3.771338227e-1 3.775443708e-1 3.777713687e-1 3.778121706e-1 3.776625884e-1 3.773158162e-1 3.767799145e-1 3.759886028e-1 3.748322170e-1 3.732642088e-1 3.713670631e-1 3.693035404e-1 3.674069442e-1 3.662827304e-1 3.662797488e-1
1.147904236e2 1.145538014e2 1.138825718e2 1.128551756e2 1.115492755e2 1.100313299e2 1.083555599e2 1.065653902e2 1.046953347e2 1.027727358e2 1.008192205e2 9.885187311e1 9.688416454e1 9.492668402e1 9.298771703e1 9.107370322e1 8.918960084e1 8.733917707e1 8.552523989e1 8.374982415e1 8.201434133e1 7.866640472e1 7.548429631e1 7.246658973e1 6.960912834e1 6.690607276e1 6.435060781e1 6.193541683e1 5.965299736e1 5.749587768e1 5.545676154e1 5.352861504e1 5.170471243e1 4.997865839e1 4.834439797e1 4.679622178e1 4.532876673e1 4.393701122e1 4.261626555e1 4.136215783e1 4.017061801e1 3.903786151e1 3.796037280e1 3.693488641e1 3.595836686e1 3.502798915e1 3.414112067e1 3.329530399e1 3.248824018e1 3.171777415e1 3.098188384e1 2.960636357e1 2.834789004e1 2.719434304e1 2.613503856e1 2.516050926e1 2.426234941e1 2.343310423e1 2.266616502e1 2.195566980e1 2.129641614e1 2.068378656e1 2.011368258e1 1.958246043e1 1.908686411e1 1.862395618e1 1.819106771e1 1.778576092e1 1.740579984e1 1.704914555e1 1.671395702e1 1.595947844e1 1.530770836e1 1.474148328e1 1.424656714e1 1.381093212e1 1.342495310e1 1.308080829e1 1.277222077e1 1.249432469e1 1.224283880e1 1.201422042e1 1.180588424e1 1.161557234e1 1.144093316e1 1.127962122e1 1.112973235e1 1.098972197e1 1.085830852e1 1.073443242e1 1.061715157e1 1.050584412e1 1.040013784e1 1.029970120e1 1.020400158e1 1.002422143e1 9.857126379e0 9.699619410e0 9.550934778e0 9.411476436e0 9.278562539e0 9.150844046e0 9.027056233e0 8.907391333e0 8.792173690e0 8.680043900e0 8.570891225e0 8.463836306e0 8.359634920e0 8.258191786e0 8.159179408e0 8.062594345e0 7.967632605e0 7.875105339e0 7.784132956e0 7.434785289e0 7.107962286e0 6.802796413e0 6.516464940e0 6.246616548e0 5.992097167e0 5.750886988e0 5.522494619e0 5.305349873e0 5.098986590e0 4.901815666e0 4.713289433e0 4.532308547e0 4.359496627e0 4.193607695e0 4.033619831e0 3.880975393e0 3.733599375e0 3.592276661e0 3.456069538e0 3.324533126e0 3.197283455e0 3.075341825e0 2.957475024e0 2.843478922e0 2.733592337e0 2.628307428e0 2.526748720e0 2.428454206e0 2.334178590e0 2.243027714e0 2.155352946e0 2.071006637e0 1.989860480e0 1.911620533e0 1.836521236e0 1.763937445e0 1.694191867e0 1.627747284e0 1.563375667e0 1.501125743e0 1.442249346e0 1.385366808e0 1.330897981e0 1.278172036e0 1.227878297e0 1.179885489e0 1.133248878e0 1.089103425e0 1.046367824e0 1.005725338e0 9.665949809e-1 9.292795189e-1 8.935112364e-1 8.591555080e-1 8.265449558e-1 7.952487110e-1 7.650275061e-1 7.364525654e-1 7.090579576e-1 6.827118425e-1 6.575780200e-1 6.336559962e-1 6.106540434e-1 5.888316994e-1 5.679028902e-1 5.478783271e-1 5.289696691e-1 5.108305232e-1 4.934156262e-1 4.769852646e-1 4.612563960e-1 4.461348303e-1 4.318878933e-1 4.183297742e-1 4.052758724e-1 3.929070212e-1 3.811368218e-1 3.698724579e-1 3.591714540e-1 3.489988588e-1 3.392918723e-1 3.300246768e-1 3.212407897e-1 3.129776787e-1 3.051072343e-1 2.975811334e-1 2.905565541e-1 2.839050541e-1 2.776159252e-1 2.716403381e-1 2.660198435e-1 2.607364460e-1 2.557504917e-1 2.510822417e-1 2.466851333e-1 2.425851552e-1 2.387522086e-1 2.351930916e-1 2.318964730e-1 2.287057151e-1 2.258613543e-1 2.232518975e-1 2.208106627e-1 2.185526977e-1 2.165012981e-1 2.146490625e-1 2.130246668e-1 2.115793865e-1 2.102973593e-1 2.091734045e-1 2.081828896e-1 2.074177519e-1 2.068150902e-1 2.063495674e-1 2.060491225e-1 2.058600812e-1 2.058899830e-1 2.060725225e-1 2.064153602e-1 2.068831328e-1 2.074889203e-1 2.082372031e-1 2.091530545e-1 2.102190159e-1 2.114070160e-1 2.127715174e-1 2.142723237e-1 2.160023445e-1 2.178512522e-1 2.198735205e-1 2.220366435e-1 2.244025064e-1 2.268637888e-1 2.295647487e-1 2.324744534e-1 2.355570700e-1 2.387784417e-1 2.422566206e-1 2.458605671e-1 2.495905481e-1 2.536264552e-1 2.578912092e-1 2.623264855e-1 2.669873526e-1 2.720491507e-1 2.775077529e-1 2.832705209e-1 2.883474289e-1 2.919767287e-1 2.944988853e-1 2.960794852e-1 2.973558075e-1 2.983558568e-1 2.990451739e-1 2.997338837e-1 3.010931876e-1 3.032639812e-1 3.061261266e-1 3.098066581e-1 3.103869853e-1 3.110162867e-1 3.116826951e-1 3.123681242e-1 3.130609314e-1 3.137562485e-1 3.144544422e-1 3.151560360e-1 3.158721347e-1 3.166106445e-1 3.173657621e-1 3.181343655e-1 3.189280159e-1 3.197561171e-1 3.206123186e-1 3.214952517e-1 3.224057080e-1 3.233397329e-1 3.242973938e-1 3.252793959e-1 3.262817752e-1 3.273014084e-1 3.283479847e-1 3.294274044e-1 3.305394883e-1 3.316852141e-1 3.328503360e-1 3.340247193e-1 3.352129987e-1 3.364134987e-1 3.376277148e-1 3.388533539e-1 3.400966906e-1 3.413685406e-1 3.426671788e-1 3.439674687e-1 3.452513238e-1 3.465250347e-1 3.477993800e-1 3.490804370e-1 3.503884777e-1 3.517457162e-1 3.531455235e-1 3.545767283e-1 3.560291006e-1 3.574944566e-1 3.589527415e-1 3.603859307e-1 3.617876935e-1 3.631539396e-1 3.644947765e-1 3.658264457e-1 3.671536819e-1 3.684706026e-1 3.697565649e-1 3.710221193e-1 3.722868829e-1 3.735580626e-1 3.748230564e-1 3.760793104e-1 3.772943867e-1 3.784480732e-1 3.795565318e-1 3.806012987e-1 3.815516617e-1 3.823404480e-1 3.829204481e-1 3.832854675e-1 3.833794045e-1 3.831849925e-1 3.826789179e-1 3.818331669e-1 3.806688092e-1 3.791996818e-1 3.773806109e-1 3.752330279e-1 3.729876119e-1 3.710296302e-1 3.699623645e-1 3.699897475e-1
1.143046572e2 1.140767786e2 1.134293710e2 1.124365328e2 1.111721526e2 1.096998357e2 1.080717450e2 1.063298519e2 1.045076594e2 1.026318194e2 1.007234976e2 9.879948066e1 9.687305871e1 9.495472540e1 9.305273298e1 9.117353311e1 8.932212721e1 8.750234619e1 8.571707482e1 8.396843211e1 8.225791722e1 7.895485228e1 7.581142205e1 7.282681204e1 6.999740428e1 6.731783844e1 6.478173583e1 6.238218751e1 6.011207367e1 5.796427367e1 5.593180782e1 5.400793254e1 5.218619696e1 5.046047080e1 4.882495762e1 4.727419976e1 4.580307270e1 4.440677172e1 4.308079676e1 4.182093562e1 4.062324773e1 3.948404859e1 3.839989426e1 3.736756657e1 3.638405848e1 3.544655938e1 3.455243961e1 3.369923541e1 3.288463716e1 3.210648103e1 3.136274329e1 2.997109331e1 2.869603682e1 2.752565002e1 2.644946731e1 2.545824134e1 2.454378014e1 2.369883336e1 2.291696189e1 2.219241568e1 2.152003901e1 2.089518685e1 2.031363361e1 1.977153111e1 1.926541869e1 1.879222506e1 1.834924246e1 1.793408833e1 1.754464372e1 1.717899688e1 1.683540456e1 1.606274518e1 1.539635884e1 1.481768073e1 1.431170906e1 1.386660975e1 1.347289266e1 1.312267314e1 1.280898183e1 1.252627997e1 1.227049544e1 1.203821397e1 1.182628507e1 1.163179497e1 1.145249756e1 1.128668869e1 1.113278559e1 1.098922419e1 1.085452500e1 1.072770414e1 1.060813698e1 1.049530209e1 1.038852447e1 1.028705709e1 1.019031148e1 1.000879279e1 9.840166901e0 9.682693623e0 9.535037805e0 9.394841785e0 9.260961219e0 9.132196530e0 9.008480182e0 8.889368053e0 8.773596887e0 8.661618159e0 8.552802889e0 8.447355864e0 8.344679499e0 8.243664935e0 8.144355567e0 8.046532357e0 7.951430452e0 7.858245380e0 7.766465709e0 7.417266686e0 7.091742324e0 6.785529865e0 6.500029038e0 6.230383505e0 5.974537484e0 5.732994763e0 5.503583646e0 5.285716742e0 5.079020209e0 4.881410643e0 4.692849896e0 4.513390785e0 4.341277065e0 4.176202179e0 4.017811906e0 3.865078426e0 3.718283137e0 3.576754003e0 3.441237671e0 3.310265808e0 3.183952456e0 3.062270380e0 2.945292700e0 2.832473730e0 2.723821247e0 2.618922534e0 2.517916143e0 2.420686924e0 2.326442799e0 2.236516348e0 2.149467232e0 2.065181690e0 1.984623376e0 1.907126411e0 1.832160262e0 1.760543820e0 1.691261591e0 1.624745279e0 1.561151617e0 1.499905410e0 1.440726563e0 1.384199456e0 1.329885887e0 1.277869005e0 1.227669636e0 1.179714116e0 1.133718622e0 1.089438764e0 1.047251483e0 1.006559661e0 9.677413251e-1 9.306549886e-1 8.951093520e-1 8.608076812e-1 8.280908285e-1 7.967943229e-1 7.670151679e-1 7.381654663e-1 7.108785104e-1 6.847262466e-1 6.596356774e-1 6.357125186e-1 6.130079811e-1 5.910129379e-1 5.702594755e-1 5.503467325e-1 5.311896999e-1 5.131601220e-1 4.958756351e-1 4.792732235e-1 4.635635796e-1 4.485383397e-1 4.341729156e-1 4.205871758e-1 4.075651541e-1 3.952143546e-1 3.834634331e-1 3.722151581e-1 3.616128771e-1 3.513673814e-1 3.415428742e-1 3.324142830e-1 3.236801188e-1 3.153550147e-1 3.074915651e-1 3.000278602e-1 2.930031795e-1 2.862758096e-1 2.799496570e-1 2.740257395e-1 2.683894182e-1 2.631064647e-1 2.580959937e-1 2.534407266e-1 2.490985720e-1 2.450094280e-1 2.411659677e-1 2.375433638e-1 2.342637653e-1 2.311710703e-1 2.283025165e-1 2.256659964e-1 2.231837027e-1 2.209823295e-1 2.190491113e-1 2.172497032e-1 2.155917921e-1 2.140824535e-1 2.128222331e-1 2.117700700e-1 2.108610536e-1 2.101100558e-1 2.095063676e-1 2.090494665e-1 2.088112968e-1 2.087341422e-1 2.087617531e-1 2.089221198e-1 2.091990835e-1 2.097014241e-1 2.103743971e-1 2.111581813e-1 2.121198374e-1 2.132332594e-1 2.144027185e-1 2.158262835e-1 2.174328944e-1 2.191664007e-1 2.210491622e-1 2.230962640e-1 2.253032398e-1 2.276541137e-1 2.302007087e-1 2.329788272e-1 2.359240746e-1 2.389997686e-1 2.422631608e-1 2.456942285e-1 2.492726141e-1 2.530740509e-1 2.570773455e-1 2.612754081e-1 2.656429697e-1 2.704058772e-1 2.753870411e-1 2.807860115e-1 2.863363717e-1 2.917742091e-1 2.956288471e-1 2.981970285e-1 2.995915800e-1 3.007094149e-1 3.015272230e-1 3.019382798e-1 3.029995900e-1 3.045784493e-1 3.068506671e-1 3.096468872e-1 3.135175998e-1 3.140751014e-1 3.146494410e-1 3.152417971e-1 3.158597521e-1 3.165148068e-1 3.172158210e-1 3.179571042e-1 3.187258088e-1 3.195205076e-1 3.203420021e-1 3.211838754e-1 3.220435798e-1 3.229156831e-1 3.237935893e-1 3.246790617e-1 3.255768718e-1 3.264853277e-1 3.274000233e-1 3.283150316e-1 3.292364536e-1 3.301732945e-1 3.311316474e-1 3.321207007e-1 3.331431785e-1 3.342041165e-1 3.353067078e-1 3.364428206e-1 3.376029280e-1 3.387864857e-1 3.399973482e-1 3.412327930e-1 3.424842312e-1 3.437428549e-1 3.450019126e-1 3.462685235e-1 3.475615702e-1 3.488896680e-1 3.502537597e-1 3.516423879e-1 3.530312500e-1 3.544086397e-1 3.557712676e-1 3.571291068e-1 3.585008135e-1 3.598976652e-1 3.613180502e-1 3.627469278e-1 3.641698645e-1 3.655868778e-1 3.670046262e-1 3.684369748e-1 3.698870374e-1 3.713574049e-1 3.728421966e-1 3.743236765e-1 3.757851737e-1 3.771986596e-1 3.785311761e-1 3.797728528e-1 3.809269461e-1 3.820063200e-1 3.830047733e-1 3.838992184e-1 3.846652421e-1 3.852838112e-1 3.857481318e-1 3.860570524e-1 3.861788692e-1 3.860697624e-1 3.857111518e-1 3.851036272e-1 3.842572385e-1 3.831755344e-1 3.818562735e-1 3.802381559e-1 3.783081072e-1 3.762153440e-1 3.743375091e-1 3.732995990e-1 3.733260521e-1
1.139677377e2 1.137480049e2 1.131228074e2 1.121621940e2 1.109364975e2 1.095066107e2 1.079227249e2 1.062254125e2 1.044471999e2 1.026140671e2 1.007467287e2 9.886167904e1 9.697203300e1 9.508819511e1 9.321839138e1 9.136909214e1 8.954534921e1 8.775106593e1 8.598921427e1 8.426201023e1 8.257105587e1 7.930190323e1 7.618615728e1 7.322385337e1 7.041218073e1 6.774650873e1 6.522108724e1 6.282953234e1 6.056515896e1 5.842120788e1 5.639100041e1 5.446804152e1 5.264608400e1 5.091916425e1 4.928161800e1 4.772808580e1 4.625351513e1 4.485315789e1 4.352256518e1 4.225757886e1 4.105431790e1 3.990916081e1 3.881872710e1 3.777986008e1 3.678961083e1 3.584522286e1 3.494411844e1 3.408388703e1 3.326227442e1 3.247717126e1 3.172660109e1 3.032175573e1 2.903421655e1 2.785205160e1 2.676471843e1 2.576286915e1 2.483817453e1 2.398321028e1 2.319140154e1 2.245694149e1 2.177469365e1 2.114010533e1 2.054911631e1 1.999807848e1 1.948369544e1 1.900297926e1 1.855320104e1 1.813185110e1 1.773661527e1 1.736536319e1 1.701615859e1 1.622860650e1 1.554567211e1 1.494976308e1 1.442725137e1 1.396675747e1 1.355855491e1 1.319498518e1 1.286989051e1 1.257796847e1 1.231435696e1 1.207489800e1 1.185653563e1 1.165679899e1 1.147345483e1 1.130417045e1 1.114682530e1 1.100011144e1 1.086311396e1 1.073481795e1 1.061392796e1 1.049936682e1 1.039047884e1 1.028678957e1 1.018781670e1 1.000179045e1 9.830325454e0 9.671302320e0 9.521319051e0 9.378962287e0 9.243498570e0 9.114866241e0 8.991796170e0 8.872851341e0 8.757417571e0 8.644858861e0 8.535871142e0 8.429935750e0 8.326290657e0 8.224677794e0 8.124803706e0 8.028171733e0 7.933772363e0 7.840944704e0 7.749622969e0 7.401598416e0 7.076127946e0 6.770859431e0 6.482858120e0 6.211887774e0 5.956881713e0 5.714911282e0 5.485754043e0 5.269045751e0 5.062000157e0 4.864941228e0 4.677417796e0 4.497141578e0 4.324673752e0 4.159371774e0 4.000396241e0 3.848412957e0 3.702451422e0 3.561870307e0 3.426192974e0 3.296214596e0 3.170811553e0 3.050078070e0 2.933498058e0 2.821225229e0 2.712918844e0 2.608706268e0 2.508303225e0 2.411597905e0 2.318447669e0 2.228219940e0 2.141777622e0 2.058667579e0 1.978696278e0 1.901679079e0 1.827576238e0 1.756181981e0 1.688010704e0 1.621911355e0 1.558511975e0 1.497681386e0 1.439198188e0 1.382809741e0 1.328879276e0 1.277150979e0 1.227369406e0 1.179559683e0 1.133925724e0 1.089969955e0 1.047865892e0 1.007606123e0 9.690651895e-1 9.317316976e-1 8.962483220e-1 8.624007328e-1 8.297713568e-1 7.985777338e-1 7.686503245e-1 7.401201300e-1 7.127318168e-1 6.866156055e-1 6.617074918e-1 6.378318373e-1 6.149806770e-1 5.931929195e-1 5.723551900e-1 5.525000799e-1 5.335183278e-1 5.153672527e-1 4.980936117e-1 4.814664114e-1 4.657620763e-1 4.508688360e-1 4.365128104e-1 4.229771518e-1 4.100072392e-1 3.975203413e-1 3.857856562e-1 3.745662943e-1 3.638005578e-1 3.536533594e-1 3.439416813e-1 3.346765557e-1 3.259631395e-1 3.176753696e-1 3.098149132e-1 3.023217004e-1 2.951968623e-1 2.885129431e-1 2.822500422e-1 2.763495131e-1 2.707239851e-1 2.654799371e-1 2.605212153e-1 2.558619504e-1 2.515080269e-1 2.473498396e-1 2.435315174e-1 2.399596065e-1 2.366131105e-1 2.335130775e-1 2.306510251e-1 2.280489554e-1 2.256855109e-1 2.235156039e-1 2.215223787e-1 2.196740548e-1 2.180607056e-1 2.166371973e-1 2.153525306e-1 2.142539690e-1 2.133533782e-1 2.126481756e-1 2.121166184e-1 2.117286527e-1 2.114982655e-1 2.113951670e-1 2.114725464e-1 2.117089290e-1 2.121005833e-1 2.125946139e-1 2.132640900e-1 2.140646959e-1 2.150216094e-1 2.161636039e-1 2.174765754e-1 2.189507840e-1 2.205258445e-1 2.222561154e-1 2.241957998e-1 2.262949167e-1 2.285389040e-1 2.309316178e-1 2.335060930e-1 2.362933954e-1 2.392563474e-1 2.423593499e-1 2.456210216e-1 2.490366334e-1 2.526955429e-1 2.565612286e-1 2.605384446e-1 2.647327553e-1 2.691637004e-1 2.737983502e-1 2.788382403e-1 2.846242236e-1 2.904187481e-1 2.956288333e-1 2.990683579e-1 3.017817291e-1 3.036853549e-1 3.044392955e-1 3.049845388e-1 3.058200599e-1 3.065186885e-1 3.080116558e-1 3.103914834e-1 3.135556781e-1 3.176618824e-1 3.182705114e-1 3.188979969e-1 3.195417584e-1 3.202030170e-1 3.208786589e-1 3.215649029e-1 3.222644207e-1 3.229821897e-1 3.237145010e-1 3.244553515e-1 3.252052917e-1 3.259674443e-1 3.267511275e-1 3.275624302e-1 3.284074365e-1 3.292926414e-1 3.302225215e-1 3.311916827e-1 3.321907141e-1 3.332097204e-1 3.342420292e-1 3.352866414e-1 3.363470286e-1 3.374311167e-1 3.385432774e-1 3.396854554e-1 3.408530007e-1 3.420314373e-1 3.432077967e-1 3.443756140e-1 3.455470770e-1 3.467337486e-1 3.479509475e-1 3.492044528e-1 3.504913785e-1 3.517974142e-1 3.531203226e-1 3.544627760e-1 3.558247494e-1 3.571960373e-1 3.585642521e-1 3.599336121e-1 3.613217978e-1 3.627396184e-1 3.642000567e-1 3.656974137e-1 3.672082913e-1 3.686992490e-1 3.701388787e-1 3.715161672e-1 3.728510980e-1 3.741639417e-1 3.754672321e-1 3.767653073e-1 3.780488461e-1 3.793138777e-1 3.805599554e-1 3.817734859e-1 3.829527671e-1 3.841092935e-1 3.852481390e-1 3.863810088e-1 3.874839736e-1 3.885233216e-1 3.894514523e-1 3.902134401e-1 3.907915653e-1 3.911794251e-1 3.913480795e-1 3.912333462e-1 3.907955238e-1 3.899794097e-1 3.887838371e-1 3.872730548e-1 3.855144482e-1 3.835429997e-1 3.814534474e-1 3.796193237e-1 3.786448693e-1 3.786845845e-1
1.135690966e2 1.133570989e2 1.127530562e2 1.118232664e2 1.106347572e2 1.092458933e2 1.077050216e2 1.060513977e2 1.043166232e2 1.025260426e2 1.006999466e2 9.885455901e1 9.700283224e1 9.515508372e1 9.331950500e1 9.150256869e1 8.970935435e1 8.794380991e1 8.620896231e1 8.450708801e1 8.283985166e1 7.961355057e1 7.653495038e1 7.360454444e1 7.081993936e1 6.817689225e1 6.567002647e1 6.329332271e1 6.104045094e1 5.890499338e1 5.688059609e1 5.496107034e1 5.314045663e1 5.141306201e1 4.977347725e1 4.821658019e1 4.673753389e1 4.533178238e1 4.399504292e1 4.272329717e1 4.151278069e1 4.035997067e1 3.926157185e1 3.821450073e1 3.721586973e1 3.626297242e1 3.535326970e1 3.448437644e1 3.365405009e1 3.286018227e1 3.210079207e1 3.067812976e1 2.937257159e1 2.817228865e1 2.706690383e1 2.604730243e1 2.510544246e1 2.423418130e1 2.342713459e1 2.267856812e1 2.198330506e1 2.133666526e1 2.073440021e1 2.017265218e1 1.964795459e1 1.915720982e1 1.869764192e1 1.826675978e1 1.786232098e1 1.748230133e1 1.712487187e1 1.631961069e1 1.562314864e1 1.501680441e1 1.448549502e1 1.401746517e1 1.360341500e1 1.323550767e1 1.290661837e1 1.261086911e1 1.234358188e1 1.210097945e1 1.187985697e1 1.167708078e1 1.149012925e1 1.131726408e1 1.115713260e1 1.100829104e1 1.086915018e1 1.073852699e1 1.061543916e1 1.049901305e1 1.038851769e1 1.028328183e1 1.018296932e1 9.996409548e0 9.825225384e0 9.665400305e0 9.514817871e0 9.371727498e0 9.236104563e0 9.106749543e0 8.982387105e0 8.862171805e0 8.745266327e0 8.632891334e0 8.524372962e0 8.418616241e0 8.315106475e0 8.213801714e0 8.115214495e0 8.018534805e0 7.923560291e0 7.830058216e0 7.738351033e0 7.388652070e0 7.062696343e0 6.756238752e0 6.470099735e0 6.199877086e0 5.943183984e0 5.701218549e0 5.471892234e0 5.253373882e0 5.046525644e0 4.848637424e0 4.659562435e0 4.480306667e0 4.308638481e0 4.143867139e0 3.985810352e0 3.833800111e0 3.688264863e0 3.547834332e0 3.413026649e0 3.282737179e0 3.158317784e0 3.038224016e0 2.921786957e0 2.810240554e0 2.703043230e0 2.599472405e0 2.499135157e0 2.403157488e0 2.310742435e0 2.221901828e0 2.135966498e0 2.053274255e0 1.973666240e0 1.897222144e0 1.823417824e0 1.752515841e0 1.684504033e0 1.618935276e0 1.555611943e0 1.495289784e0 1.437053689e0 1.381218595e0 1.327601061e0 1.275965445e0 1.226733257e0 1.179011881e0 1.133648664e0 1.089886319e0 1.047987080e0 1.007777917e0 9.693397492e-1 9.325717157e-1 8.969440002e-1 8.632797221e-1 8.308437206e-1 7.997040446e-1 7.699743691e-1 7.415897323e-1 7.142245931e-1 6.882558977e-1 6.633490701e-1 6.395189155e-1 6.167988280e-1 5.951168365e-1 5.742780087e-1 5.544912302e-1 5.354469478e-1 5.172896818e-1 5.000709234e-1 4.836016659e-1 4.677898078e-1 4.527887328e-1 4.386017933e-1 4.248455499e-1 4.119339921e-1 3.996277710e-1 3.877773369e-1 3.765955680e-1 3.659244853e-1 3.557331812e-1 3.460505321e-1 3.368291505e-1 3.281502972e-1 3.197496946e-1 3.118450336e-1 3.044256322e-1 2.973677804e-1 2.907314342e-1 2.844136841e-1 2.784556331e-1 2.728949236e-1 2.676595361e-1 2.626973680e-1 2.580580754e-1 2.537038444e-1 2.495917352e-1 2.457535435e-1 2.421516144e-1 2.388692674e-1 2.358555512e-1 2.330433785e-1 2.304416007e-1 2.280154006e-1 2.258375384e-1 2.238670162e-1 2.221013592e-1 2.205025713e-1 2.190628325e-1 2.178247578e-1 2.168453195e-1 2.160161015e-1 2.153127040e-1 2.147494033e-1 2.143237878e-1 2.141297468e-1 2.140647183e-1 2.141444580e-1 2.144192336e-1 2.148039987e-1 2.153395305e-1 2.160764061e-1 2.169477747e-1 2.179541988e-1 2.191243346e-1 2.204196493e-1 2.218924553e-1 2.235300781e-1 2.253399182e-1 2.272882077e-1 2.293907108e-1 2.316364322e-1 2.341114205e-1 2.367537711e-1 2.395870961e-1 2.425754164e-1 2.457128088e-1 2.490189862e-1 2.524537486e-1 2.561211514e-1 2.599686388e-1 2.640149778e-1 2.682413803e-1 2.725737907e-1 2.772762985e-1 2.823710222e-1 2.880851657e-1 2.935924125e-1 2.990223855e-1 3.028393221e-1 3.051908909e-1 3.062212820e-1 3.073045314e-1 3.082721353e-1 3.087983071e-1 3.098290373e-1 3.111926317e-1 3.131491307e-1 3.162404719e-1 3.203388616e-1 3.209439818e-1 3.215856232e-1 3.222523150e-1 3.229321379e-1 3.236306441e-1 3.243513882e-1 3.250913995e-1 3.258568601e-1 3.266485166e-1 3.274631282e-1 3.282982081e-1 3.291579359e-1 3.300464134e-1 3.309579194e-1 3.318774868e-1 3.327966853e-1 3.337181622e-1 3.346526509e-1 3.356146323e-1 3.366025560e-1 3.376153436e-1 3.386599976e-1 3.397321093e-1 3.408205606e-1 3.419231097e-1 3.430365615e-1 3.441580695e-1 3.452921374e-1 3.464424392e-1 3.476072459e-1 3.487900640e-1 3.499996691e-1 3.512462977e-1 3.525346547e-1 3.538566997e-1 3.552008940e-1 3.565548894e-1 3.579128268e-1 3.592658562e-1 3.606086504e-1 3.619430524e-1 3.632867295e-1 3.646494275e-1 3.660259556e-1 3.674079898e-1 3.688046203e-1 3.702336164e-1 3.716985023e-1 3.731845200e-1 3.746699650e-1 3.761398936e-1 3.775852441e-1 3.789995115e-1 3.803879561e-1 3.817490786e-1 3.830715631e-1 3.843471208e-1 3.855779790e-1 3.867619799e-1 3.878881875e-1 3.889401084e-1 3.899174583e-1 3.908179082e-1 3.916306311e-1 3.923431828e-1 3.929257235e-1 3.933448537e-1 3.935691350e-1 3.935426961e-1 3.932600753e-1 3.927540564e-1 3.919811385e-1 3.908499396e-1 3.893537269e-1 3.875407869e-1 3.854779647e-1 3.832890538e-1 3.813427625e-1 3.802792010e-1 3.803021777e-1
1.133099636e2 1.131051499e2 1.125207578e2 1.116195777e2 1.104655213e2 1.091145517e2 1.076132511e2 1.059996050e2 1.043043145e2 1.025520942e2 1.007628020e2 9.895237555e1 9.713359112e1 9.531667265e1 9.350977848e1 9.171939177e1 8.995063427e1 8.820751893e1 8.649315377e1 8.480990693e1 8.315954133e1 7.996211819e1 7.690658761e1 7.399423178e1 7.122340184e1 6.859053593e1 6.609085968e1 6.371886710e1 6.146865783e1 5.933417602e1 5.730937379e1 5.538831910e1 5.356526747e1 5.183470394e1 5.019136148e1 4.863023005e1 4.714656315e1 4.573588035e1 4.439396457e1 4.311685520e1 4.190083826e1 4.074243312e1 3.963837744e1 3.858561306e1 3.758127307e1 3.662267020e1 3.570728638e1 3.483276310e1 3.399689131e1 3.319759977e1 3.243294401e1 3.100034119e1 2.968573605e1 2.847731226e1 2.736458990e1 2.633824460e1 2.538993366e1 2.451219880e1 2.369842135e1 2.294274142e1 2.223996310e1 2.158547020e1 2.097513959e1 2.040527337e1 1.987254539e1 1.937395084e1 1.890676084e1 1.846849179e1 1.805687665e1 1.766983766e1 1.730548254e1 1.648299152e1 1.576940731e1 1.514710606e1 1.460198425e1 1.412192619e1 1.369652742e1 1.331744581e1 1.297790363e1 1.267234583e1 1.239595256e1 1.214473375e1 1.191582808e1 1.170691867e1 1.151570926e1 1.133968879e1 1.117655220e1 1.102466109e1 1.088272854e1 1.074962611e1 1.062418216e1 1.050547636e1 1.039305731e1 1.028655280e1 1.018539798e1 9.996286022e0 9.821703669e0 9.658695808e0 9.505155999e0 9.361162253e0 9.225227215e0 9.095470752e0 8.970445181e0 8.849981674e0 8.734317999e0 8.622239646e0 8.513093304e0 8.406362174e0 8.302428447e0 8.201430746e0 8.102203459e0 8.005222835e0 7.910183319e0 7.817422916e0 7.726862698e0 7.378151930e0 7.051685374e0 6.745731813e0 6.457914562e0 6.186186636e0 5.930262043e0 5.686727716e0 5.456648802e0 5.239431319e0 5.032413503e0 4.834864503e0 4.646696411e0 4.465839955e0 4.293692177e0 4.128835474e0 3.970418253e0 3.818463839e0 3.673133271e0 3.533741155e0 3.399195969e0 3.269696870e0 3.144941255e0 3.025573666e0 2.910384756e0 2.798868247e0 2.691765777e0 2.589403320e0 2.490438099e0 2.394484333e0 2.302609351e0 2.213858179e0 2.128473496e0 2.046514645e0 1.967755912e0 1.891476132e0 1.818569496e0 1.748103629e0 1.680360718e0 1.615598359e0 1.552975610e0 1.492665932e0 1.435214343e0 1.379501628e0 1.326275156e0 1.274900723e0 1.225816293e0 1.178738918e0 1.133164973e0 1.090011935e0 1.048145786e0 1.008303554e0 9.699601573e-1 9.331460981e-1 8.978285925e-1 8.640770979e-1 8.318446407e-1 8.010370088e-1 7.711523658e-1 7.429456707e-1 7.158886034e-1 6.898056222e-1 6.649997669e-1 6.412910507e-1 6.183872882e-1 5.967683279e-1 5.759874613e-1 5.561906173e-1 5.373247003e-1 5.193128401e-1 5.019240987e-1 4.855539895e-1 4.699056227e-1 4.548784983e-1 4.406776376e-1 4.271185407e-1 4.140980166e-1 4.017249842e-1 3.899427112e-1 3.787299401e-1 3.680700970e-1 3.578620443e-1 3.481434215e-1 3.388841400e-1 3.301194607e-1 3.218342570e-1 3.139534811e-1 3.064811064e-1 2.994215306e-1 2.927721562e-1 2.865418889e-1 2.806332814e-1 2.750118928e-1 2.697458576e-1 2.647879768e-1 2.601610429e-1 2.558454295e-1 2.517551068e-1 2.479673642e-1 2.444728773e-1 2.411805783e-1 2.380945568e-1 2.352546654e-1 2.326880762e-1 2.303311115e-1 2.281660689e-1 2.262012047e-1 2.243843795e-1 2.228337911e-1 2.214993693e-1 2.203093854e-1 2.192813005e-1 2.183937209e-1 2.177435968e-1 2.172463504e-1 2.168890118e-1 2.166986573e-1 2.166456216e-1 2.167578226e-1 2.170552407e-1 2.175435914e-1 2.181489461e-1 2.189015259e-1 2.197596865e-1 2.207907939e-1 2.219843458e-1 2.233334192e-1 2.248375504e-1 2.264780017e-1 2.282883425e-1 2.302805710e-1 2.324477282e-1 2.348078277e-1 2.373275469e-1 2.399700593e-1 2.428098486e-1 2.458302107e-1 2.489759664e-1 2.523043888e-1 2.558229866e-1 2.595155987e-1 2.633371838e-1 2.673292658e-1 2.715682344e-1 2.761353001e-1 2.808312740e-1 2.859557328e-1 2.915851389e-1 2.973258632e-1 3.024545270e-1 3.059714411e-1 3.087415060e-1 3.104923084e-1 3.112980838e-1 3.117928142e-1 3.126123404e-1 3.131701604e-1 3.146528665e-1 3.170482162e-1 3.202221839e-1 3.243852398e-1 3.250112929e-1 3.256634567e-1 3.263398236e-1 3.270368612e-1 3.277543541e-1 3.284888606e-1 3.292467497e-1 3.300288962e-1 3.308251979e-1 3.316238798e-1 3.324188202e-1 3.332158025e-1 3.340280298e-1 3.348641972e-1 3.357313393e-1 3.366355239e-1 3.375799426e-1 3.385612390e-1 3.395706494e-1 3.405970381e-1 3.416308136e-1 3.426749126e-1 3.437402727e-1 3.448305421e-1 3.459458037e-1 3.470889093e-1 3.482571480e-1 3.494448372e-1 3.506489712e-1 3.518622686e-1 3.530829571e-1 3.543117063e-1 3.555551298e-1 3.568205387e-1 3.581132799e-1 3.594267411e-1 3.607549777e-1 3.620990108e-1 3.634557986e-1 3.648256540e-1 3.662004893e-1 3.675785211e-1 3.689647558e-1 3.703744779e-1 3.718183059e-1 3.732792983e-1 3.747238088e-1 3.761377102e-1 3.775167430e-1 3.788640027e-1 3.801904903e-1 3.815017271e-1 3.827944964e-1 3.840580921e-1 3.852808758e-1 3.864720109e-1 3.876406541e-1 3.887809438e-1 3.898929901e-1 3.909769654e-1 3.920310505e-1 3.930742469e-1 3.940853132e-1 3.950302200e-1 3.958773978e-1 3.965778700e-1 3.970833945e-1 3.973822644e-1 3.974499186e-1 3.972242648e-1 3.966552980e-1 3.957084800e-1 3.943955163e-1 3.927947693e-1 3.909844900e-1 3.890194018e-1 3.870019082e-1 3.852542220e-1 3.843413495e-1 3.843979967e-1
1.129906835e2 1.127928617e2 1.122276838e2 1.113546628e2 1.102347704e2 1.089216788e2 1.074602721e2 1.058873084e2 1.042326159e2 1.025203004e2 1.007698058e2 9.899679736e1 9.721388088e1 9.543118291e1 9.365681709e1 9.189725964e1 9.015765176e1 8.844204379e1 8.675359291e1 8.509472364e1 8.346725872e1 8.031144649e1 7.729232193e1 7.441158846e1 7.166797642e1 6.905827408e1 6.657804146e1 6.422210311e1 6.198488557e1 5.986064536e1 5.784362370e1 5.592815158e1 5.410872103e1 5.238003008e1 5.073700724e1 4.917482512e1 4.768890769e1 4.627493155e1 4.492882091e1 4.364673897e1 4.242507842e1 4.126045035e1 4.014967149e1 3.908975152e1 3.807788135e1 3.711142176e1 3.618789164e1 3.530495737e1 3.446042461e1 3.365223273e1 3.287845010e1 3.142699360e1 3.009291713e1 2.886466139e1 2.773200413e1 2.668586272e1 2.571816348e1 2.482173910e1 2.399020036e1 2.321782202e1 2.249945640e1 2.183044692e1 2.120654053e1 2.062384402e1 2.007884038e1 1.956840076e1 1.908976509e1 1.864049737e1 1.821842397e1 1.782157618e1 1.744814916e1 1.660647130e1 1.587832816e1 1.524447852e1 1.468930121e1 1.420029156e1 1.376729432e1 1.338188916e1 1.303668593e1 1.272572637e1 1.244447967e1 1.218917972e1 1.195643725e1 1.174318475e1 1.154700812e1 1.136601115e1 1.119842196e1 1.104253241e1 1.089674143e1 1.075995934e1 1.063145308e1 1.051058014e1 1.039657885e1 1.028862737e1 1.018606935e1 9.994705483e0 9.818330018e0 9.654716482e0 9.502098034e0 9.357951935e0 9.220944662e0 9.089799453e0 8.964312129e0 8.843863963e0 8.727194184e0 8.614640519e0 8.505490385e0 8.399807110e0 8.296939469e0 8.195779844e0 8.096326709e0 7.998420043e0 7.903243909e0 7.809986399e0 7.718121362e0 7.368295682e0 7.042064130e0 6.734953490e0 6.448258246e0 6.177138768e0 5.919512935e0 5.676366993e0 5.445373514e0 5.226216261e0 5.018531920e0 4.819983339e0 4.630927593e0 4.451177374e0 4.279204661e0 4.114572194e0 3.957011371e0 3.805322860e0 3.659843072e0 3.519966424e0 3.386176656e0 3.257312433e0 3.133271971e0 3.013977924e0 2.899512331e0 2.789020962e0 2.682698129e0 2.580173204e0 2.481546196e0 2.386737745e0 2.294903171e0 2.207278980e0 2.122456198e0 2.040310584e0 1.961917096e0 1.886572760e0 1.813673785e0 1.744035798e0 1.676542553e0 1.611690283e0 1.549733031e0 1.490004683e0 1.432248529e0 1.377120513e0 1.324128096e0 1.273361583e0 1.224319882e0 1.177462056e0 1.132486068e0 1.089134793e0 1.047840515e0 1.007895544e0 9.697440840e-1 9.332845692e-1 8.983312169e-1 8.645747203e-1 8.323916867e-1 8.016188870e-1 7.722871140e-1 7.438060242e-1 7.168542068e-1 6.910257023e-1 6.662176373e-1 6.425452060e-1 6.200650318e-1 5.982067893e-1 5.776125743e-1 5.578316468e-1 5.388104044e-1 5.209392966e-1 5.037663236e-1 4.872427180e-1 4.716056571e-1 4.566495989e-1 4.423395903e-1 4.288098123e-1 4.158300827e-1 4.034989112e-1 3.917766943e-1 3.805389713e-1 3.699726622e-1 3.597492004e-1 3.499524043e-1 3.408633582e-1 3.321673522e-1 3.238705546e-1 3.160102793e-1 3.085592543e-1 3.015465519e-1 2.948368994e-1 2.885454759e-1 2.826633112e-1 2.770539240e-1 2.717916937e-1 2.668113513e-1 2.621972037e-1 2.579170182e-1 2.538802381e-1 2.500852581e-1 2.465271988e-1 2.433189886e-1 2.402929823e-1 2.374939959e-1 2.349110104e-1 2.324784228e-1 2.303556783e-1 2.285197223e-1 2.268194939e-1 2.252451086e-1 2.238107522e-1 2.226297098e-1 2.216837331e-1 2.208884613e-1 2.202525455e-1 2.197601831e-1 2.194045102e-1 2.192864950e-1 2.193460722e-1 2.195159407e-1 2.197915998e-1 2.201843283e-1 2.208010775e-1 2.216058985e-1 2.225378674e-1 2.236550721e-1 2.249086012e-1 2.261985054e-1 2.277606742e-1 2.295185070e-1 2.314097822e-1 2.334391375e-1 2.356112673e-1 2.379167903e-1 2.403676376e-1 2.430338144e-1 2.459421326e-1 2.490161081e-1 2.522045153e-1 2.555779794e-1 2.590942895e-1 2.627658338e-1 2.666383422e-1 2.706871181e-1 2.749189508e-1 2.793336892e-1 2.841866533e-1 2.892161767e-1 2.946409119e-1 3.002404017e-1 3.057265157e-1 3.096834421e-1 3.123078243e-1 3.135975513e-1 3.146463715e-1 3.152827558e-1 3.155018672e-1 3.165945184e-1 3.182864622e-1 3.207807054e-1 3.237157096e-1 3.278375198e-1 3.284356880e-1 3.290481685e-1 3.296730470e-1 3.303162910e-1 3.309916472e-1 3.317118278e-1 3.324736429e-1 3.332663966e-1 3.340869140e-1 3.349389843e-1 3.358189771e-1 3.367193288e-1 3.376364847e-1 3.385634121e-1 3.394989916e-1 3.404447043e-1 3.414013498e-1 3.423662031e-1 3.433335726e-1 3.443048061e-1 3.452853997e-1 3.462851079e-1 3.473145139e-1 3.483696855e-1 3.494550782e-1 3.505822471e-1 3.517461199e-1 3.529381792e-1 3.541607772e-1 3.554207127e-1 3.567172384e-1 3.580368043e-1 3.593652618e-1 3.606931182e-1 3.620237870e-1 3.633711641e-1 3.647374574e-1 3.661311492e-1 3.675474561e-1 3.689632671e-1 3.703716183e-1 3.717714223e-1 3.731655609e-1 3.745695072e-1 3.759912254e-1 3.774265719e-1 3.788627890e-1 3.802877084e-1 3.817037245e-1 3.831246027e-1 3.845771199e-1 3.860648500e-1 3.875898802e-1 3.891413513e-1 3.906850799e-1 3.921892749e-1 3.936300310e-1 3.949712300e-1 3.961994419e-1 3.973151521e-1 3.983338804e-1 3.992682742e-1 4.001057561e-1 4.008250693e-1 4.013983532e-1 4.018279723e-1 4.020922524e-1 4.021321072e-1 4.019238534e-1 4.014674290e-1 4.007426454e-1 3.997565942e-1 3.985435619e-1 3.971273375e-1 3.954754025e-1 3.935779228e-1 3.915835976e-1 3.898676668e-1 3.889765596e-1 3.890451312e-1
1.127169348e2 1.125255587e2 1.119780824e2 1.111309587e2 1.100424061e2 1.087639519e2 1.073388909e2 1.058028285e2 1.041847706e2 1.025082450e2 1.007922981e2 9.905233126e1 9.730078435e1 9.554768934e1 9.380111750e1 9.206754085e1 9.035212406e1 8.865896067e1 8.699126496e1 8.535152891e1 8.374165071e1 8.061670432e1 7.762328769e1 7.476380954e1 7.203766836e1 6.944225310e1 6.697364393e1 6.462710188e1 6.239740968e1 6.027911494e1 5.826669839e1 5.635468446e1 5.453771386e1 5.281059233e1 5.116832365e1 4.960613318e1 4.811948335e1 4.670408143e1 4.535587959e1 4.407106972e1 4.284607627e1 4.167754788e1 4.056234716e1 3.949753730e1 3.848036815e1 3.750826350e1 3.657880916e1 3.568974108e1 3.483893351e1 3.402438767e1 3.324422217e1 3.178005472e1 3.043349182e1 2.919307759e1 2.804864488e1 2.699113243e1 2.601243683e1 2.510531066e1 2.426328150e1 2.348057654e1 2.275205557e1 2.207313927e1 2.143972914e1 2.084813209e1 2.029500059e1 1.977727889e1 1.929216395e1 1.883707219e1 1.840962595e1 1.800765639e1 1.762919531e1 1.677459268e1 1.603253715e1 1.538426708e1 1.481468797e1 1.431138419e1 1.386441717e1 1.346591052e1 1.310936467e1 1.278922838e1 1.250046430e1 1.223873122e1 1.200038539e1 1.178233523e1 1.158194240e1 1.139689901e1 1.122541462e1 1.106615533e1 1.091791048e1 1.077936644e1 1.064923160e1 1.052650852e1 1.041034594e1 1.030007927e1 1.019515005e1 9.999409866e0 9.820741539e0 9.655448388e0 9.500394751e0 9.354503418e0 9.216206679e0 9.085289407e0 8.960157681e0 8.839314054e0 8.722128096e0 8.608189761e0 8.498354703e0 8.391362420e0 8.286782810e0 8.184532938e0 8.085134555e0 7.988873840e0 7.894480587e0 7.801873702e0 7.710431022e0 7.362407156e0 7.035459087e0 6.728374065e0 6.438416348e0 6.165900802e0 5.908825052e0 5.666040951e0 5.435539580e0 5.215752019e0 5.006768164e0 4.808615158e0 4.620025031e0 4.439637700e0 4.267144786e0 4.101482635e0 3.942599850e0 3.792004937e0 3.646942549e0 3.507805390e0 3.373978947e0 3.245562634e0 3.121772169e0 3.002864434e0 2.888252274e0 2.778409125e0 2.672375796e0 2.570051777e0 2.471928057e0 2.377762433e0 2.286885877e0 2.198871246e0 2.114794288e0 2.033780324e0 1.955632204e0 1.880788938e0 1.808560049e0 1.738961148e0 1.672320752e0 1.608201528e0 1.546289225e0 1.486768991e0 1.429753215e0 1.374923922e0 1.322276484e0 1.271546754e0 1.223087234e0 1.176407141e0 1.131661923e0 1.088675444e0 1.047255290e0 1.007841417e0 9.698652479e-1 9.333249254e-1 8.984753255e-1 8.650795824e-1 8.330815329e-1 8.024775348e-1 7.729545820e-1 7.450130189e-1 7.178743694e-1 6.921521094e-1 6.674898356e-1 6.437965702e-1 6.212089203e-1 5.996278161e-1 5.788758997e-1 5.591632035e-1 5.404408817e-1 5.223408627e-1 5.052890147e-1 4.888665866e-1 4.732251813e-1 4.583842524e-1 4.441016108e-1 4.306082389e-1 4.177109419e-1 4.053065462e-1 3.936037923e-1 3.824172425e-1 3.716626893e-1 3.615627191e-1 3.519177748e-1 3.426435775e-1 3.339488672e-1 3.256882530e-1 3.178841872e-1 3.104413951e-1 3.034199849e-1 2.967871613e-1 2.905219534e-1 2.845989516e-1 2.790280880e-1 2.738127152e-1 2.688857143e-1 2.642825820e-1 2.599459868e-1 2.559191888e-1 2.521609348e-1 2.486690559e-1 2.454309602e-1 2.423520477e-1 2.395926122e-1 2.370865821e-1 2.347735764e-1 2.326403110e-1 2.307045520e-1 2.289982817e-1 2.275080452e-1 2.261813266e-1 2.250217253e-1 2.240526755e-1 2.231985244e-1 2.225908418e-1 2.221652395e-1 2.218892236e-1 2.217630475e-1 2.217524400e-1 2.219684238e-1 2.223346048e-1 2.228602131e-1 2.235097264e-1 2.243211571e-1 2.252717647e-1 2.263850490e-1 2.276676192e-1 2.290822583e-1 2.306775989e-1 2.323734646e-1 2.343061356e-1 2.363703572e-1 2.385825271e-1 2.409147541e-1 2.434607569e-1 2.461286186e-1 2.490503727e-1 2.521190775e-1 2.553431840e-1 2.586867124e-1 2.623082167e-1 2.659749772e-1 2.698091593e-1 2.739524531e-1 2.782651234e-1 2.826494583e-1 2.872818469e-1 2.925745276e-1 2.982122641e-1 3.042208180e-1 3.093757854e-1 3.129468909e-1 3.153469596e-1 3.169208184e-1 3.180199686e-1 3.189174477e-1 3.194874602e-1 3.201190548e-1 3.214726804e-1 3.238344176e-1 3.273728248e-1 3.316256564e-1 3.322500904e-1 3.329125232e-1 3.336055943e-1 3.343211508e-1 3.350505032e-1 3.357895550e-1 3.365320019e-1 3.372780482e-1 3.380388129e-1 3.388149118e-1 3.396036064e-1 3.404051764e-1 3.412305735e-1 3.420930035e-1 3.429903102e-1 3.439205506e-1 3.448834488e-1 3.458752003e-1 3.468958817e-1 3.479460165e-1 3.490240804e-1 3.501309856e-1 3.512672100e-1 3.524310925e-1 3.536195043e-1 3.548358989e-1 3.560730200e-1 3.573255980e-1 3.585982193e-1 3.598935205e-1 3.612082564e-1 3.625322597e-1 3.638624158e-1 3.652025292e-1 3.665479216e-1 3.678799040e-1 3.691857753e-1 3.704698710e-1 3.717466231e-1 3.730260682e-1 3.743208155e-1 3.756541484e-1 3.770298775e-1 3.784411635e-1 3.798840248e-1 3.813553315e-1 3.828406012e-1 3.843161760e-1 3.857623990e-1 3.871647116e-1 3.885300347e-1 3.898745117e-1 3.912038704e-1 3.925174573e-1 3.938090821e-1 3.950905550e-1 3.963786871e-1 3.976752741e-1 3.989658242e-1 4.002424812e-1 4.014748761e-1 4.026494589e-1 4.037844716e-1 4.048557962e-1 4.058017205e-1 4.065453397e-1 4.070494448e-1 4.073159721e-1 4.072986974e-1 4.069733970e-1 4.063104234e-1 4.052887846e-1 4.039610152e-1 4.023973786e-1 4.005762641e-1 3.985130431e-1 3.964249625e-1 3.946977804e-1 3.938627455e-1 3.939647270e-1
1.123640633e2 1.121790530e2 1.116491491e2 1.108279177e2 1.097709453e2 1.085276787e2 1.071398498e2 1.056419182e2 1.040620590e2 1.024232047e2 1.007439798e2 9.903949141e1 9.732198135e1 9.560135659e1 9.388561824e1 9.218120847e1 9.049329192e1 8.882598433e1 8.718253834e1 8.556549500e1 8.397680775e1 8.088997228e1 7.792936945e1 7.509788395e1 7.239538286e1 6.981970777e1 6.736736294e1 6.503399748e1 6.281474687e1 6.070447482e1 5.869794360e1 5.678993450e1 5.497533043e1 5.324916893e1 5.160667437e1 5.004327527e1 4.855461492e1 4.713655897e1 4.578519726e1 4.449683849e1 4.326800100e1 4.209540279e1 4.097595167e1 3.990673636e1 3.888501875e1 3.790822467e1 3.697393475e1 3.607987655e1 3.522391704e1 3.440405462e1 3.361841110e1 3.214283731e1 3.078434091e1 2.953156429e1 2.837446049e1 2.730412415e1 2.631263565e1 2.539294103e1 2.453872993e1 2.374432945e1 2.300462292e1 2.231500524e1 2.167133837e1 2.106988142e1 2.050723053e1 1.998028156e1 1.948620084e1 1.902240063e1 1.858652062e1 1.817641896e1 1.779015469e1 1.691752461e1 1.615932708e1 1.549677282e1 1.491490081e1 1.440138730e1 1.394590162e1 1.353980651e1 1.317620794e1 1.284925092e1 1.255395753e1 1.228613468e1 1.204212536e1 1.181881451e1 1.161374423e1 1.142488301e1 1.125027689e1 1.108797307e1 1.093658742e1 1.079507956e1 1.066249530e1 1.053785605e1 1.042010708e1 1.030851691e1 1.020269473e1 1.000636741e1 9.826029537e0 9.658615360e0 9.501795434e0 9.354333848e0 9.215255083e0 9.082343888e0 8.954838101e0 8.832458630e0 8.715338143e0 8.602546177e0 8.492769452e0 8.385801784e0 8.281191216e0 8.179751122e0 8.081058365e0 7.984272688e0 7.889283154e0 7.795545603e0 7.704074978e0 7.354850119e0 7.027575284e0 6.721200006e0 6.432434500e0 6.159321438e0 5.900852682e0 5.656931250e0 5.425433597e0 5.205839181e0 4.996312466e0 4.797690466e0 4.607937417e0 4.427600187e0 4.254669151e0 4.089557822e0 3.931982540e0 3.780459261e0 3.635450584e0 3.496401990e0 3.362393200e0 3.233655256e0 3.110661611e0 2.992276929e0 2.878344770e0 2.768426741e0 2.663171100e0 2.561746693e0 2.463766986e0 2.369404232e0 2.279044861e0 2.192066045e0 2.108340023e0 2.027686809e0 1.949839370e0 1.875092725e0 1.803530881e0 1.734302298e0 1.667695893e0 1.603941647e0 1.542367960e0 1.483589260e0 1.426791093e0 1.372183278e0 1.319668977e0 1.269407132e0 1.221308447e0 1.174879816e0 1.130276083e0 1.087566621e0 1.046510345e0 1.006988760e0 9.691621567e-1 9.332247722e-1 8.983994716e-1 8.652355457e-1 8.332129634e-1 8.026967511e-1 7.734879192e-1 7.455067078e-1 7.186352164e-1 6.928553329e-1 6.682865046e-1 6.448119875e-1 6.222081704e-1 6.007214154e-1 5.802196508e-1 5.605524356e-1 5.418063054e-1 5.239270827e-1 5.068082372e-1 4.904673921e-1 4.747629504e-1 4.599359306e-1 4.458070069e-1 4.321293528e-1 4.192117199e-1 4.068871259e-1 3.951098599e-1 3.840872488e-1 3.734397812e-1 3.631928122e-1 3.535920384e-1 3.444313794e-1 3.356666321e-1 3.274210516e-1 3.196339221e-1 3.122921259e-1 3.052747077e-1 2.986218116e-1 2.924168968e-1 2.865372736e-1 2.809613832e-1 2.756877120e-1 2.707908894e-1 2.662454869e-1 2.619280591e-1 2.579208801e-1 2.541665740e-1 2.506604343e-1 2.474548157e-1 2.445176435e-1 2.417716364e-1 2.391768365e-1 2.368728221e-1 2.347978844e-1 2.328908357e-1 2.311905100e-1 2.297084378e-1 2.284000593e-1 2.273123289e-1 2.264441938e-1 2.257068313e-1 2.250774697e-1 2.246085063e-1 2.243713152e-1 2.243003298e-1 2.243667239e-1 2.245865971e-1 2.249243936e-1 2.254126311e-1 2.261252988e-1 2.269670235e-1 2.279621686e-1 2.291511148e-1 2.304272149e-1 2.318887263e-1 2.334844961e-1 2.352733387e-1 2.372154089e-1 2.392908980e-1 2.415080424e-1 2.439403379e-1 2.465218576e-1 2.492682857e-1 2.521087846e-1 2.551799967e-1 2.583941944e-1 2.618221501e-1 2.653278678e-1 2.690908028e-1 2.731326899e-1 2.772422839e-1 2.813728069e-1 2.858944706e-1 2.907515098e-1 2.957232032e-1 3.012134433e-1 3.073900444e-1 3.125183803e-1 3.159606401e-1 3.187130634e-1 3.202763375e-1 3.213373766e-1 3.218593874e-1 3.225013362e-1 3.235690739e-1 3.250980283e-1 3.272481889e-1 3.305622331e-1 3.352466494e-1 3.358923410e-1 3.365553380e-1 3.372443394e-1 3.379601941e-1 3.386998785e-1 3.394612276e-1 3.402396001e-1 3.410290111e-1 3.418245393e-1 3.426301326e-1 3.434603936e-1 3.443215036e-1 3.452094910e-1 3.461216283e-1 3.470589942e-1 3.480222216e-1 3.490086356e-1 3.500253031e-1 3.510660567e-1 3.521184845e-1 3.531797941e-1 3.542543340e-1 3.553366992e-1 3.564315714e-1 3.575591266e-1 3.587243332e-1 3.599241445e-1 3.611514673e-1 3.624024813e-1 3.636757916e-1 3.649664875e-1 3.662709514e-1 3.675854536e-1 3.689149298e-1 3.702710077e-1 3.716546405e-1 3.730585057e-1 3.744841296e-1 3.759281949e-1 3.773708435e-1 3.787963516e-1 3.802080392e-1 3.816133834e-1 3.830072788e-1 3.843814915e-1 3.857482337e-1 3.871081112e-1 3.884556478e-1 3.897965681e-1 3.911559390e-1 3.925310188e-1 3.938935567e-1 3.952226911e-1 3.965101699e-1 3.977406434e-1 3.989135165e-1 4.000366579e-1 4.011443331e-1 4.022481751e-1 4.033156137e-1 4.043114852e-1 4.052297305e-1 4.060844124e-1 4.068484099e-1 4.074700569e-1 4.079065150e-1 4.081360810e-1 4.081531285e-1 4.079778641e-1 4.076276939e-1 4.071044671e-1 4.063752958e-1 4.054075768e-1 4.041205297e-1 4.024387551e-1 4.004293610e-1 3.983627497e-1 3.966772857e-1 3.958612607e-1 3.959605604e-1
